id,time_Bike,time_Bus,time_Car,cost_Bike,cost_Bus,cost_Car,risk_Bike,risk_Bus,risk_Car,choice,choice_code,,
1,19.4296,30.4610,32.4836,0,1.5683,6.3994,0.0379,0.0087,0.0166,Car,2,,
2,21.8453,35.6981,29.3087,0,1.9844,5.9246,0.0122,0.0086,0.0193,Car,2,,
3,20.2897,37.9320,33.2384,0,2.0090,5.0596,0.0371,0.0046,0.0160,Bus,1,,
4,22.2600,49.4384,37.6151,0,2.2363,4.3531,0.0277,0.0090,0.0185,Bike,0,,
5,23.9292,42.7828,28.8292,0,1.3166,5.6982,0.0371,0.0122,0.0105,Bus,1,,
6,29.1858,33.3226,28.8293,0,2.2963,5.3935,0.0378,0.0062,0.0211,Bus,1,,
7,23.3942,42.4302,37.8961,0,0.6478,5.8952,0.0461,0.0131,0.0200,Bike,0,,
8,17.0719,32.2635,33.8372,0,1.6851,5.6352,0.0435,0.0115,0.0159,Bike,0,,
9,30.7003,45.4135,27.6526,0,1.7559,6.0496,0.0435,0.0078,0.0233,Bus,1,,
10,20.8145,37.6444,32.7128,0,2.3167,4.4648,0.0444,0.0096,0.0247,Car,2,,
11,24.7064,39.5318,27.6829,0,2.0113,6.3174,0.0329,0.0148,0.0120,Bus,1,,
12,27.2327,46.6290,27.6714,0,1.2972,5.1976,0.0303,0.0122,0.0162,Bike,0,,
13,25.9981,33.5642,31.2098,0,1.5075,7.0753,0.0387,0.0100,0.0162,Bus,1,,
14,30.4709,33.0144,20.4336,0,2.0993,4.3108,0.0373,0.0093,0.0153,Car,2,,
15,27.3950,37.0820,21.3754,0,1.9605,6.7360,0.0269,0.0102,0.0241,Bus,1,,
16,20.6935,45.1919,27.1886,0,1.7104,5.1979,0.0340,0.0085,0.0190,Car,2,,
17,35.8928,32.4033,24.9358,0,1.7596,4.3486,0.0296,0.0037,0.0187,Bus,1,,
18,25.9717,25.8392,31.5712,0,2.3481,4.5161,0.0215,0.0161,0.0100,Bus,1,,
19,24.2633,37.7442,25.4599,0,1.7412,4.6797,0.0429,0.0105,0.0232,Car,2,,
20,29.8196,42.7587,22.9385,0,1.9560,5.4242,0.0306,0.0112,0.0138,Bus,1,,
21,26.2473,46.0013,37.3282,0,3.0850,5.5228,0.0505,0.0098,0.0203,Bus,1,,
22,26.9961,37.6842,28.8711,0,1.2882,4.4263,0.0137,0.0078,0.0214,Bus,1,,
23,37.4609,37.9429,30.3376,0,1.0741,4.9756,0.0244,0.0094,0.0268,Bike,0,,
24,23.6244,45.7695,22.8763,0,2.3918,7.1423,0.0303,0.0052,0.0135,Bike,0,,
25,23.4112,30.6513,27.2781,0,1.6607,6.7275,0.0414,0.0168,0.0049,Car,2,,
26,25.5829,38.0574,30.5546,0,1.8409,5.4363,0.0340,0.0063,0.0209,Bike,0,,
27,30.3576,40.9521,24.2450,0,1.6094,5.0380,0.0331,0.0069,0.0290,Bus,1,,
28,17.4673,42.2461,31.8785,0,1.8701,5.1200,0.0187,0.0087,0.0262,Bike,0,,
29,15.1722,37.4510,26.9968,0,2.7993,5.6135,0.0184,0.0139,0.0210,Car,2,,
30,22.0644,40.1722,28.5415,0,2.4011,3.9772,0.0332,0.0100,0.0175,Bus,1,,
31,16.8304,27.5584,26.9915,0,2.4311,4.7426,0.0164,0.0063,0.0240,Bus,1,,
32,22.8758,36.7088,39.2614,0,1.2919,3.3314,0.0247,0.0138,0.0151,Bike,0,,
33,27.5125,42.2675,29.9325,0,1.4244,5.3992,0.0350,0.0122,0.0224,Bus,1,,
34,20.5463,35.0885,24.7114,0,0.5805,5.6472,0.0202,0.0116,0.0225,Bike,0,,
35,17.8659,40.2949,34.1127,0,1.5953,4.5168,0.0461,0.0121,0.0253,Bike,0,,
36,25.3467,42.2344,23.8958,0,2.4784,6.5740,0.0422,0.0172,0.0338,Bus,1,,
37,29.3127,38.2873,31.0443,0,2.2585,3.7742,0.0143,0.0166,0.0220,Bus,1,,
38,16.5251,40.8523,20.2016,0,1.8892,3.5356,0.0207,0.0079,0.0175,Bus,1,,
39,29.1012,35.1863,23.3591,0,1.9888,5.2245,0.0071,0.0149,0.0199,Bus,1,,
40,29.0865,38.9669,30.9843,0,1.6556,6.0471,0.0222,0.0111,0.0112,Bike,0,,
41,29.7704,43.0511,33.6923,0,2.1024,6.6839,0.0377,0.0115,0.0165,Bus,1,,
42,31.0924,40.7849,30.8568,0,2.3829,4.5411,0.0259,0.0049,0.0180,Bike,0,,
43,36.0101,37.0673,29.4218,0,1.1921,6.0787,0.0346,0.0095,0.0174,Bus,1,,
44,23.2195,41.1211,28.4945,0,2.1498,4.9615,0.0148,0.0076,0.0208,Bike,0,,
45,25.5479,43.5730,22.6074,0,2.4662,4.8274,0.0380,0.0125,0.0159,Bus,1,,
46,22.9178,29.7503,26.4008,0,1.7924,5.8837,0.0244,0.0132,0.0256,Bus,1,,
47,25.0099,45.7954,27.6968,0,2.3504,5.6523,0.0301,0.0038,0.0200,Car,2,,
48,32.6644,38.3187,35.2856,0,3.4073,3.4236,0.0291,0.0099,0.0200,Car,2,,
49,18.2749,42.1274,31.7181,0,1.9478,6.4765,0.0173,0.0134,0.0184,Bus,1,,
50,20.6948,45.9862,21.1848,0,2.1967,6.3801,0.0185,0.0094,0.0208,Car,2,,
51,31.8859,33.1416,31.6204,0,1.6310,4.3744,0.0397,0.0122,0.0241,Bus,1,,
52,30.1002,36.4528,28.0746,0,2.0906,5.3958,0.0340,0.0111,0.0157,Bus,1,,
53,23.1843,38.5573,26.6154,0,2.2301,5.4940,0.0405,0.0110,0.0167,Bike,0,,
54,29.2720,36.0812,33.0584,0,2.0974,5.2607,0.0332,0.0092,0.0185,Bus,1,,
55,26.7061,48.6747,35.1550,0,1.4902,4.4497,0.0314,0.0064,0.0133,Car,2,,
56,32.5014,35.7161,34.6564,0,2.1032,4.3284,0.0127,0.0066,0.0159,Bike,0,,
57,25.3725,37.2223,25.8039,0,2.7311,4.9744,0.0273,0.0121,0.0176,Bus,1,,
58,30.1282,41.0219,28.4539,0,2.2243,6.1727,0.0297,0.0101,0.0244,Bike,0,,
59,38.2101,33.9893,31.6563,0,2.4810,5.5436,0.0495,0.0096,0.0213,Bus,1,,
60,27.9905,38.0216,34.8777,0,1.8815,4.6294,0.0369,0.0087,0.0210,Bike,0,,
61,25.2466,41.5873,27.6041,0,2.3750,5.7717,0.0454,0.0091,0.0243,Bus,1,,
62,28.6122,38.3357,29.0717,0,2.1396,2.1515,0.0360,0.0131,0.0193,Car,2,,
63,23.1736,39.5331,24.4683,0,1.5245,6.1488,0.0229,0.0090,0.0220,Bus,1,,
64,36.9398,37.3533,24.0190,0,2.1593,3.2603,0.0312,0.0060,0.0195,Bus,1,,
65,25.9004,32.4276,34.0626,0,1.5042,4.6376,0.0324,0.0122,0.0213,Car,2,,
66,23.6353,41.6080,36.7812,0,1.6836,3.8803,0.0206,0.0094,0.0171,Bus,1,,
67,20.8216,48.7747,29.6399,0,2.0947,3.7053,0.0262,0.0101,0.0078,Bike,0,,
68,30.4861,40.0920,35.0177,0,2.1486,6.1608,0.0279,0.0148,0.0193,Bus,1,,
69,29.3359,41.1263,31.8082,0,1.4054,4.5323,0.0461,0.0099,0.0271,Bus,1,,
70,22.5132,43.4636,26.7744,0,2.5270,5.3465,0.0092,0.0109,0.0246,Bike,0,,
71,27.8823,33.6533,31.8070,0,2.2860,4.9531,0.0421,0.0065,0.0248,Bike,0,,
72,17.4572,48.5126,37.6902,0,1.6476,5.4770,0.0206,0.0093,0.0262,Bike,0,,
73,25.9249,41.0116,29.8209,0,1.2312,5.0768,0.0163,0.0118,0.0204,Bike,0,,
74,27.2638,48.1593,37.8232,0,1.9275,3.7170,0.0418,0.0053,0.0210,Car,2,,
75,33.5366,36.3348,16.9013,0,1.7770,5.9963,0.0373,0.0106,0.0169,Bike,0,,
76,21.1459,49.0903,34.1095,0,2.0566,4.5062,0.0425,0.0103,0.0184,Bike,0,,
77,18.6082,43.8758,30.4352,0,1.8184,3.4434,0.0380,0.0101,0.0231,Bike,0,,
78,20.5229,42.7652,28.5050,0,0.9963,4.5719,0.0506,0.0131,0.0260,Bus,1,,
79,18.3172,41.1701,30.4588,0,1.8058,6.5008,0.0356,0.0110,0.0193,Bike,0,,
80,31.6833,38.7574,20.0622,0,1.8472,5.8502,0.0284,0.0144,0.0177,Car,2,,
81,32.7432,46.0027,28.9016,0,2.3168,4.6513,0.0334,0.0070,0.0200,Bike,0,,
82,26.6011,40.7018,31.7856,0,1.6509,4.6507,0.0424,0.0104,0.0230,Bike,0,,
83,31.1065,30.1647,37.3895,0,2.8393,4.6784,0.0222,0.0103,0.0128,Car,2,,
84,25.6698,34.4141,27.4086,0,1.0442,7.0767,0.0235,0.0068,0.0085,Bike,0,,
85,24.5244,39.0708,25.9575,0,2.6556,5.3819,0.0269,0.0129,0.0172,Bike,0,,
86,23.3348,41.5500,27.4912,0,1.8878,5.4300,0.0090,0.0170,0.0139,Bike,0,,
87,23.4480,39.7171,34.5770,0,2.4298,6.0303,0.0314,0.0099,0.0175,Bike,0,,
88,17.2610,46.0949,31.6438,0,2.0399,5.2388,0.0111,0.0115,0.0193,Bike,0,,
89,26.3213,30.2445,27.3512,0,2.5698,4.7410,0.0305,0.0103,0.0177,Bus,1,,
90,24.7983,40.7179,32.5663,0,1.8063,4.8037,0.0387,0.0079,0.0273,Bike,0,,
91,28.7268,30.9101,30.4854,0,1.4507,4.9284,0.0252,0.0045,0.0216,Bike,0,,
92,25.4676,43.7986,34.8432,0,2.7103,4.9628,0.0468,0.0079,0.0215,Car,2,,
93,24.1865,39.5277,26.4897,0,1.9433,5.7276,0.0154,0.0058,0.0231,Bus,1,,
94,20.6440,42.0980,28.3617,0,2.1108,5.0519,0.0419,0.0151,0.0143,Bus,1,,
95,25.3608,35.6806,28.0395,0,2.6174,5.7326,0.0368,0.0097,0.0252,Bus,1,,
96,28.6912,46.3973,22.6824,0,1.4840,4.9193,0.0128,0.0090,0.0196,Bus,1,,
97,19.2833,45.2086,31.4806,0,2.2977,5.0786,0.0571,0.0127,0.0234,Car,2,,
98,25.4374,42.9177,31.3053,0,1.7051,3.0018,0.0294,0.0066,0.0146,Car,2,,
99,26.1652,39.3524,30.0256,0,1.9339,5.9163,0.0212,0.0077,0.0122,Bike,0,,
100,21.4097,42.8993,28.8271,0,2.0361,5.3465,0.0159,0.0102,0.0241,Bike,0,,
101,22.0607,36.4655,22.9231,0,1.2499,5.9980,0.0278,0.0131,0.0219,Car,2,,
102,26.1531,44.2778,27.8968,0,1.6106,2.1037,0.0287,0.0115,0.0155,Bus,1,,
103,19.3329,48.2474,28.2864,0,2.6755,7.0884,0.0310,0.0107,0.0157,Bike,0,,
104,26.7496,45.3531,25.9886,0,2.4431,4.8604,0.0270,0.0102,0.0256,Bus,1,,
105,20.5232,36.3520,29.1936,0,1.9687,6.1082,0.0363,0.0112,0.0141,Bike,0,,
106,30.3143,41.8071,32.0203,0,2.1216,3.9601,0.0261,0.0106,0.0282,Bus,1,,
107,36.6891,33.5343,39.4309,0,1.8529,5.6128,0.0107,0.0069,0.0155,Car,2,,
108,20.6962,42.8620,30.8729,0,2.6783,3.9466,0.0285,0.0101,0.0232,Car,2,,
109,27.6710,42.2530,31.2878,0,1.8998,4.3762,0.0063,0.0068,0.0184,Car,2,,
110,21.3663,30.6509,29.6278,0,2.1159,6.9140,0.0335,0.0102,0.0230,Bike,0,,
111,30.2048,34.1911,20.4061,0,2.5730,4.8093,0.0202,0.0086,0.0173,Car,2,,
112,18.6737,38.5843,29.8674,0,1.6113,5.2174,0.0316,0.0176,0.0192,Car,2,,
113,27.4029,38.4957,30.3012,0,2.7794,5.8701,0.0431,0.0099,0.0202,Bus,1,,
114,20.6351,33.9526,42.3162,0,1.2348,5.4957,0.0205,0.0058,0.0150,Bus,1,,
115,23.9651,41.9449,29.0382,0,2.8148,5.1504,0.0406,0.0096,0.0237,Bike,0,,
116,19.8449,41.2574,31.5077,0,1.8137,5.3650,0.0257,0.0116,0.0174,Bus,1,,
117,29.1118,39.0287,29.8264,0,1.8787,7.4034,0.0475,0.0150,0.0189,Bus,1,,
118,20.8151,36.2210,24.1566,0,1.0550,4.9424,0.0263,0.0082,0.0150,Car,2,,
119,27.7598,45.2435,35.7141,0,1.7726,5.2011,0.0216,0.0053,0.0072,Bus,1,,
120,23.2795,48.2770,33.7597,0,1.4801,6.0507,0.0369,0.0125,0.0190,Bike,0,,
121,24.4276,37.5822,33.9552,0,1.6962,6.1055,0.0256,0.0059,0.0321,Bus,1,,
122,25.7388,36.9392,25.4531,0,1.9313,6.1870,0.0216,0.0087,0.0239,Car,2,,
123,21.1909,42.4560,37.0140,0,2.4789,5.6387,0.0252,0.0092,0.0199,Bus,1,,
124,26.0518,38.2099,22.9907,0,2.1038,3.8570,0.0296,0.0098,0.0187,Bus,1,,
125,32.6517,39.3030,32.9343,0,2.1538,6.6334,0.0434,0.0121,0.0201,Bus,1,,
126,21.1095,43.6983,40.9523,0,1.4522,3.8537,0.0107,0.0079,0.0227,Bike,0,,
127,30.8591,30.4532,25.0473,0,1.5596,5.3026,0.0302,0.0092,0.0141,Bus,1,,
128,32.4905,46.5915,27.1685,0,2.8994,4.2457,0.0362,0.0100,0.0256,Bike,0,,
129,20.9192,40.3634,30.4983,0,1.6324,4.9359,0.0319,0.0104,0.0236,Car,2,,
130,17.7247,37.9425,27.4826,0,2.8281,5.3288,0.0431,0.0103,0.0236,Bike,0,,
131,26.5098,39.5538,22.2467,0,1.8785,5.3214,0.0293,0.0113,0.0222,Car,2,,
132,22.2630,39.8121,30.3428,0,2.0011,5.4219,0.0282,0.0125,0.0201,Car,2,,
133,34.3430,31.3440,24.6885,0,2.5352,6.6137,0.0359,0.0112,0.0234,Bus,1,,
134,25.1740,47.4747,32.3680,0,2.6359,5.4535,0.0310,0.0114,0.0230,Bus,1,,
135,20.9890,40.2066,25.4029,0,1.9446,4.7558,0.0261,0.0053,0.0182,Car,2,,
136,19.2642,42.2150,37.7497,0,1.8059,5.9641,0.0352,0.0102,0.0171,Car,2,,
137,30.4495,44.7577,26.0837,0,1.9720,6.1895,0.0235,0.0114,0.0205,Bus,1,,
138,22.1441,34.8942,28.3897,0,2.1690,3.7724,0.0239,0.0122,0.0277,Car,2,,
139,25.2191,42.3674,34.0676,0,2.4457,5.5974,0.0247,0.0079,0.0138,Bike,0,,
140,29.7790,38.6618,23.8457,0,2.0021,5.7012,0.0435,0.0080,0.0127,Bus,1,,
141,22.5787,44.2339,31.1373,0,2.3094,4.7024,0.0000,0.0083,0.0208,Bike,0,,
142,24.7704,29.3639,36.5357,0,2.8192,6.3757,0.0340,0.0116,0.0203,Bus,1,,
143,24.9172,39.5045,21.9626,0,2.1907,4.8499,0.0303,0.0131,0.0209,Bus,1,,
144,28.4166,36.9859,30.9232,0,2.1558,5.1256,0.0132,0.0088,0.0212,Bus,1,,
145,27.9537,42.1613,31.2994,0,1.2405,4.8269,0.0331,0.0127,0.0189,Car,2,,
146,23.8994,42.3502,33.9091,0,0.6846,5.0156,0.0348,0.0104,0.0274,Bike,0,,
147,25.3182,36.4619,23.8152,0,2.1942,3.9037,0.0359,0.0096,0.0120,Car,2,,
148,23.1411,36.4391,23.3977,0,1.9526,3.5599,0.0035,0.0094,0.0159,Bike,0,,
149,17.6119,39.4467,32.6097,0,1.7426,6.5945,0.0437,0.0122,0.0195,Bike,0,,
150,26.2880,35.5168,31.4849,0,2.1218,4.1530,0.0226,0.0110,0.0118,Bike,0,,
151,34.4610,44.2099,31.2525,0,1.9698,4.0086,0.0369,0.0168,0.0191,Bike,0,,
152,20.5814,38.1540,31.7322,0,2.5639,2.8466,0.0374,0.0074,0.0283,Car,2,,
153,21.1349,25.4651,26.5999,0,2.0431,4.3610,0.0212,0.0116,0.0201,Bike,0,,
154,20.6464,38.1259,31.1613,0,1.6265,3.6769,0.0366,0.0084,0.0212,Bus,1,,
155,28.6230,34.8073,31.4654,0,2.4951,6.6420,0.0261,0.0074,0.0137,Bike,0,,
156,27.2424,31.8436,26.4282,0,1.8914,6.0098,0.0093,0.0100,0.0169,Car,2,,
157,24.2073,33.8129,39.3289,0,2.2633,4.3118,0.0417,0.0104,0.0181,Bike,0,,
158,20.4099,40.5470,32.3692,0,1.7613,7.2524,0.0222,0.0188,0.0184,Bus,1,,
159,25.4619,46.6432,24.0435,0,1.6751,5.9818,0.0215,0.0094,0.0264,Car,2,,
160,17.1769,41.5659,33.2828,0,2.0421,4.6752,0.0260,0.0066,0.0228,Bike,0,,
161,25.7171,36.9675,25.1266,0,2.0064,2.5006,0.0327,0.0108,0.0144,Car,2,,
162,29.3576,42.2795,33.9354,0,2.2399,7.2909,0.0294,0.0038,0.0212,Bike,0,,
163,18.7440,37.7045,35.7930,0,1.8657,3.6104,0.0355,0.0097,0.0225,Bike,0,,
164,17.3374,36.5270,25.8966,0,1.0818,3.3546,0.0166,0.0100,0.0257,Bus,1,,
165,32.8972,34.2282,34.8169,0,1.7836,6.0226,0.0226,0.0124,0.0279,Bus,1,,
166,21.9412,31.2409,32.0639,0,2.3969,7.4398,0.0288,0.0129,0.0149,Bus,1,,
167,30.6797,38.0504,34.1103,0,1.8513,6.3843,0.0490,0.0085,0.0159,Bus,1,,
168,24.2300,40.7903,39.4840,0,1.8768,5.5639,0.0289,0.0095,0.0137,Bus,1,,
169,24.1902,39.5169,28.7731,0,2.4932,5.5948,0.0409,0.0077,0.0188,Bus,1,,
170,27.1921,37.9202,26.2313,0,1.6440,5.8534,0.0304,0.0066,0.0223,Bike,0,,
171,20.5800,35.2713,25.5524,0,1.2286,5.7589,0.0252,0.0109,0.0249,Bike,0,,
172,25.6625,43.0412,25.9209,0,1.9197,5.2812,0.0275,0.0062,0.0196,Bus,1,,
173,23.0926,33.4143,29.6145,0,1.7579,5.1042,0.0283,0.0088,0.0184,Bike,0,,
174,18.3975,43.8801,31.7058,0,1.5169,4.9374,0.0360,0.0070,0.0208,Bike,0,,
175,26.6874,34.9889,31.3835,0,1.9123,4.2460,0.0437,0.0116,0.0158,Bus,1,,
176,23.6835,36.2378,34.1359,0,2.2458,4.7193,0.0336,0.0154,0.0304,Bus,1,,
177,24.2149,32.6661,30.0650,0,1.9954,3.3070,0.0419,0.0061,0.0120,Bus,1,,
178,18.9492,37.4930,37.2677,0,2.1535,4.9017,0.0204,0.0044,0.0209,Bike,0,,
179,32.9570,44.8766,28.6767,0,2.9067,4.0114,0.0259,0.0096,0.0301,Car,2,,
180,29.3836,42.5781,43.6008,0,1.8286,3.8964,0.0228,0.0100,0.0200,Bus,1,,
181,29.8208,44.8921,33.1283,0,2.1392,5.1799,0.0331,0.0107,0.0190,Bike,0,,
182,23.4728,42.6107,25.7142,0,1.7454,6.3920,0.0264,0.0087,0.0182,Bike,0,,
183,16.3541,34.4817,24.6455,0,1.5768,5.9183,0.0373,0.0094,0.0191,Bus,1,,
184,34.7646,38.3461,32.4124,0,1.7075,3.4295,0.0207,0.0111,0.0269,Bike,0,,
185,24.6945,36.0990,28.8827,0,1.7606,4.0104,0.0304,0.0131,0.0089,Bus,1,,
186,21.2560,46.6529,33.5700,0,2.1797,5.9408,0.0369,0.0041,0.0277,Bike,0,,
187,27.0840,34.0161,32.3662,0,3.1745,4.0175,0.0093,0.0089,0.0129,Bike,0,,
188,30.8356,44.4685,29.6359,0,1.6420,4.7754,0.0512,0.0106,0.0187,Bus,1,,
189,24.8847,44.4648,25.7660,0,1.7917,5.5501,0.0272,0.0072,0.0179,Car,2,,
190,31.3929,49.1481,22.4258,0,1.9684,4.0317,0.0097,0.0152,0.0229,Bike,0,,
191,30.4150,37.9516,27.7674,0,2.1979,5.1054,0.0316,0.0081,0.0120,Bus,1,,
192,19.6181,43.5616,34.2820,0,2.1318,3.6660,0.0303,0.0099,0.0223,Bike,0,,
193,21.6310,51.4083,31.0705,0,2.6420,4.3986,0.0292,0.0117,0.0301,Bike,0,,
194,29.7877,36.9118,23.7713,0,0.7868,5.3198,0.0399,0.0082,0.0132,Car,2,,
195,11.4369,32.3248,30.8659,0,0.8065,3.4070,0.0375,0.0045,0.0209,Bike,0,,
196,24.2527,30.5999,31.9266,0,1.7521,5.4405,0.0330,0.0087,0.0167,Bus,1,,
197,17.8458,43.5636,25.5807,0,2.5487,4.9804,0.0345,0.0131,0.0221,Car,2,,
198,22.6172,30.5842,30.7686,0,1.2172,5.5525,0.0290,0.0090,0.0201,Bike,0,,
199,23.5059,38.1384,30.2910,0,0.4962,5.2239,0.0478,0.0075,0.0168,Bus,1,,
200,23.2088,42.1866,24.2851,0,2.2856,6.3641,0.0152,0.0128,0.0224,Bike,0,,
201,22.2387,40.9259,31.7889,0,2.1218,5.1252,0.0314,0.0090,0.0290,Bike,0,,
202,19.5143,42.1272,32.8039,0,1.4549,4.5706,0.0307,0.0085,0.0190,Bus,1,,
203,36.4596,41.1114,35.4153,0,1.5072,5.1223,0.0381,0.0104,0.0236,Bike,0,,
204,34.3373,46.3943,35.2690,0,1.5151,5.5433,0.0216,0.0123,0.0135,Car,2,,
205,19.1897,35.2384,23.1117,0,2.0553,5.0489,0.0126,0.0171,0.0152,Bike,0,,
206,32.9106,36.6150,25.3109,0,1.6868,5.0406,0.0316,0.0125,0.0224,Bus,1,,
207,23.0027,36.1367,32.5752,0,2.2470,4.2980,0.0328,0.0135,0.0274,Bike,0,,
208,25.6459,44.1510,32.5689,0,0.5727,4.3371,0.0449,0.0085,0.0218,Bike,0,,
209,24.6836,44.5020,32.5752,0,1.5716,3.5974,0.0173,0.0069,0.0184,Bike,0,,
210,21.7013,42.2561,49.2637,0,1.4370,6.7496,0.0415,0.0102,0.0200,Bus,1,,
211,29.9193,45.9175,32.8545,0,1.8718,3.7561,0.0537,0.0103,0.0137,Car,2,,
212,25.6294,34.1098,35.6778,0,1.7310,4.3071,0.0262,0.0068,0.0230,Bike,0,,
213,22.6172,48.3361,34.7700,0,2.3989,4.2816,0.0171,0.0095,0.0244,Car,2,,
214,18.4771,47.6162,33.2570,0,1.0703,5.8949,0.0259,0.0112,0.0177,Car,2,,
215,20.5320,43.6781,28.4237,0,2.0227,4.7051,0.0301,0.0111,0.0176,Bike,0,,
216,16.7931,48.9090,33.7948,0,2.2792,6.2477,0.0356,0.0115,0.0213,Bike,0,,
217,25.0611,31.7169,26.1359,0,2.9283,4.3265,0.0241,0.0109,0.0178,Bus,1,,
218,19.0167,37.3778,28.8159,0,1.7591,5.2790,0.0456,0.0085,0.0197,Bike,0,,
219,23.6722,36.3235,27.5732,0,2.1622,4.1647,0.0189,0.0085,0.0305,Car,2,,
220,31.8505,43.6074,30.4094,0,1.0981,7.1451,0.0126,0.0064,0.0188,Bike,0,,
221,30.9965,34.7493,41.5733,0,0.8040,3.8124,0.0411,0.0154,0.0182,Bike,0,,
222,24.8386,43.7875,20.6637,0,2.4224,5.3098,0.0073,0.0100,0.0168,Bike,0,,
223,24.5646,46.8527,33.4313,0,1.9972,5.6338,0.0280,0.0093,0.0237,Car,2,,
224,34.3994,43.4760,21.9364,0,2.5893,5.4138,0.0612,0.0072,0.0191,Car,2,,
225,27.6038,41.4188,27.6403,0,1.3133,4.8147,0.0299,0.0188,0.0168,Car,2,,
226,23.3610,35.0606,35.4448,0,2.2600,4.8702,0.0188,0.0068,0.0266,Bike,0,,
227,17.8699,35.7657,30.3214,0,2.9344,5.0438,0.0294,0.0087,0.0271,Car,2,,
228,26.9694,46.2481,24.6113,0,2.2099,4.8530,0.0295,0.0112,0.0170,Car,2,,
229,29.1466,43.8967,26.4235,0,2.1383,5.9639,0.0316,0.0118,0.0107,Bike,0,,
230,21.8417,39.8049,33.3980,0,2.0043,7.2105,0.0366,0.0129,0.0250,Bike,0,,
231,26.4560,37.9105,26.3482,0,1.2146,4.4425,0.0196,0.0154,0.0166,Bus,1,,
232,23.1821,29.8710,31.0823,0,2.6778,3.6302,0.0469,0.0115,0.0240,Car,2,,
233,24.0798,34.6457,30.2279,0,1.6946,4.9117,0.0325,0.0068,0.0101,Car,2,,
234,12.5609,49.5571,26.7420,0,2.2522,7.5797,0.0373,0.0092,0.0245,Bike,0,,
235,23.8911,33.5977,40.7197,0,1.2185,4.1963,0.0237,0.0109,0.0139,Bike,0,,
236,29.8468,40.9474,33.1696,0,1.4103,6.6391,0.0429,0.0162,0.0237,Bus,1,,
237,21.8430,45.0372,19.8743,0,2.7175,6.6777,0.0274,0.0058,0.0201,Bus,1,,
238,25.2626,33.7254,30.9323,0,1.8263,4.4464,0.0328,0.0136,0.0152,Car,2,,
239,21.2202,40.9236,26.6911,0,2.7266,5.5690,0.0207,0.0105,0.0180,Car,2,,
240,26.8022,44.6896,34.2622,0,1.9609,6.6284,0.0200,0.0125,0.0234,Car,2,,
241,23.9174,40.0625,26.0374,0,1.0791,4.6209,0.0369,0.0097,0.0205,Bike,0,,
242,20.3038,54.3420,29.4263,0,2.4460,4.7964,0.0256,0.0075,0.0229,Bus,1,,
243,31.6628,31.6570,32.5249,0,1.7051,4.4183,0.0215,0.0123,0.0299,Car,2,,
244,29.6447,45.2936,34.3288,0,2.3493,3.9852,0.0236,0.0120,0.0122,Bus,1,,
245,21.9755,39.1360,23.9985,0,2.0126,4.3507,0.0370,0.0129,0.0281,Bus,1,,
246,27.4889,43.8596,28.3275,0,1.2284,3.7761,0.0237,0.0100,0.0205,Car,2,,
247,27.6871,42.2065,27.6253,0,2.0821,5.0341,0.0288,0.0082,0.0155,Car,2,,
248,28.2115,36.3342,26.7334,0,3.0981,4.2300,0.0302,0.0053,0.0133,Car,2,,
249,16.5287,41.1450,38.8273,0,2.2465,5.2338,0.0108,0.0125,0.0191,Bike,0,,
250,30.0330,30.7105,32.0249,0,1.9712,3.4441,0.0153,0.0113,0.0246,Bike,0,,
251,22.1515,43.0162,23.6956,0,2.5377,5.3309,0.0334,0.0071,0.0194,Bus,1,,
252,23.2109,41.4908,34.5893,0,2.1053,5.8335,0.0226,0.0084,0.0276,Bike,0,,
253,38.1894,43.1933,40.6108,0,2.1048,3.0063,0.0406,0.0086,0.0127,Car,2,,
254,26.5094,45.2906,35.1623,0,1.4542,5.3741,0.0397,0.0056,0.0199,Car,2,,
255,23.0684,41.8381,22.4032,0,2.1169,6.2277,0.0372,0.0075,0.0137,Bike,0,,
256,13.9735,40.7404,27.5788,0,2.5177,3.7904,0.0482,0.0066,0.0218,Bike,0,,
257,31.9488,35.5947,36.3346,0,1.5820,6.6726,0.0292,0.0088,0.0244,Bike,0,,
258,18.2740,36.4389,26.4617,0,2.7122,5.4190,0.0365,0.0078,0.0179,Bus,1,,
259,19.9828,45.9337,32.2191,0,1.9541,4.2950,0.0242,0.0051,0.0070,Bike,0,,
260,23.3432,47.1817,33.8732,0,1.5561,4.9442,0.0545,0.0161,0.0210,Bike,0,,
261,32.0821,38.8094,25.3653,0,2.4988,5.5583,0.0498,0.0138,0.0222,Bike,0,,
262,28.8662,40.2300,29.7024,0,1.8566,5.0760,0.0301,0.0077,0.0220,Car,2,,
263,24.2108,35.4769,13.7937,0,2.3798,5.5388,0.0339,0.0108,0.0262,Bus,1,,
264,26.5415,45.8638,24.8781,0,1.8541,4.0793,0.0436,0.0113,0.0146,Bike,0,,
265,21.9981,43.3271,28.7372,0,1.9701,5.1694,0.0285,0.0136,0.0234,Car,2,,
266,25.6983,49.7061,23.7611,0,2.2468,3.5863,0.0234,0.0075,0.0260,Car,2,,
267,25.3667,35.6084,38.1621,0,2.1454,4.8888,0.0387,0.0133,0.0111,Bus,1,,
268,29.8438,38.1100,22.8493,0,1.0022,4.0961,0.0308,0.0084,0.0216,Bus,1,,
269,29.8359,41.1572,27.7998,0,1.4394,4.2645,0.0318,0.0060,0.0175,Bike,0,,
270,27.4699,43.2324,30.6537,0,2.4647,6.2361,0.0217,0.0122,0.0196,Bus,1,,
271,23.1883,38.9217,37.2064,0,1.9339,6.0913,0.0128,0.0139,0.0217,Bike,0,,
272,28.7091,35.6352,22.8207,0,1.7381,5.6091,0.0324,0.0178,0.0176,Car,2,,
273,24.5402,44.4070,35.8158,0,1.3207,3.9077,0.0390,0.0064,0.0166,Car,2,,
274,19.5904,43.6057,30.0512,0,1.4601,4.6836,0.0277,0.0121,0.0202,Bus,1,,
275,22.9836,35.4186,25.0925,0,0.9891,6.2131,0.0444,0.0088,0.0146,Bus,1,,
276,25.4226,46.7772,32.3105,0,1.9494,5.1417,0.0230,0.0124,0.0146,Bus,1,,
277,29.5511,45.8510,30.9953,0,1.7008,7.3193,0.0195,0.0056,0.0234,Bus,1,,
278,24.0824,40.6715,26.9989,0,1.5167,5.3933,0.0293,0.0062,0.0143,Bus,1,,
279,18.9540,40.3980,30.3490,0,1.9659,5.1920,0.0292,0.0077,0.0233,Bus,1,,
280,25.2837,42.7703,28.0734,0,2.1820,4.6909,0.0377,0.0102,0.0223,Bus,1,,
281,25.5673,35.6915,30.5676,0,3.0466,5.1335,0.0223,0.0081,0.0114,Bus,1,,
282,25.9292,40.1502,33.3107,0,1.2441,4.8475,0.0437,0.0120,0.0166,Bus,1,,
283,29.5994,29.2381,37.9301,0,2.5797,5.7081,0.0497,0.0131,0.0260,Bus,1,,
284,30.0946,44.3823,23.8109,0,2.4866,5.9567,0.0296,0.0118,0.0151,Car,2,,
285,22.0289,32.1925,40.6652,0,1.6105,4.2140,0.0425,0.0149,0.0177,Bus,1,,
286,21.9193,47.5171,20.2396,0,2.1016,3.6688,0.0194,0.0112,0.0223,Car,2,,
287,19.7990,38.3494,29.2411,0,1.7712,3.1638,0.0408,0.0063,0.0239,Car,2,,
288,28.4941,38.9417,32.9416,0,2.0928,5.5080,0.0405,0.0141,0.0187,Car,2,,
289,32.2441,36.8613,31.4050,0,2.7546,3.8966,0.0386,0.0082,0.0170,Car,2,,
290,23.4246,38.5598,26.8865,0,2.3028,2.8471,0.0298,0.0127,0.0271,Bike,0,,
291,23.7928,47.0927,28.9594,0,2.2543,5.3886,0.0005,0.0147,0.0287,Car,2,,
292,32.3339,27.5610,27.5350,0,1.7848,7.4930,0.0236,0.0114,0.0249,Car,2,,
293,27.5278,46.3848,27.0532,0,1.2580,4.9939,0.0237,0.0055,0.0204,Bike,0,,
294,27.1812,41.6901,34.2480,0,1.8958,5.8385,0.0202,0.0072,0.0160,Bike,0,,
295,19.0454,33.9649,31.7851,0,2.6033,5.0818,0.0312,0.0140,0.0158,Bike,0,,
296,28.3936,34.6234,26.5355,0,1.2364,4.9011,0.0258,0.0095,0.0226,Bus,1,,
297,20.3543,48.3820,34.4980,0,1.4725,5.9191,0.0218,0.0102,0.0221,Bus,1,,
298,19.3299,35.2725,31.5365,0,2.0631,4.7097,0.0194,0.0123,0.0270,Car,2,,
299,23.2661,34.2332,34.0643,0,1.5077,5.2674,0.0228,0.0121,0.0233,Bike,0,,
300,22.0710,45.6866,33.1481,0,1.6037,5.3217,0.0412,0.0108,0.0125,Car,2,,
301,23.8920,41.6928,25.8550,0,1.7882,4.3319,0.0234,0.0094,0.0253,Car,2,,
302,17.7951,35.3104,27.1991,0,1.3172,5.9920,0.0249,0.0091,0.0150,Bus,1,,
303,29.7941,41.0831,33.7365,0,1.5129,4.8250,0.0254,0.0126,0.0181,Car,2,,
304,30.6384,34.8712,33.0519,0,2.3517,4.2443,0.0334,0.0117,0.0213,Bus,1,,
305,15.2633,45.5041,29.8955,0,1.3463,5.5365,0.0346,0.0092,0.0300,Car,2,,
306,29.8923,45.3069,30.5866,0,1.2011,4.1015,0.0000,0.0132,0.0355,Car,2,,
307,20.9474,42.6600,36.3883,0,1.6850,5.0282,0.0402,0.0096,0.0230,Car,2,,
308,29.2849,41.8083,27.0421,0,2.3660,4.9909,0.0444,0.0074,0.0191,Car,2,,
309,24.6578,48.8059,32.7355,0,1.9015,6.0859,0.0195,0.0077,0.0227,Bike,0,,
310,25.1439,39.9984,28.9890,0,1.7677,5.4747,0.0203,0.0071,0.0244,Car,2,,
311,24.0745,34.0906,28.9116,0,2.0222,4.9750,0.0255,0.0092,0.0184,Car,2,,
312,31.0606,42.2474,35.4939,0,1.1271,5.8178,0.0224,0.0137,0.0290,Car,2,,
313,18.8021,50.4302,34.1271,0,2.2474,6.3902,0.0322,0.0076,0.0212,Bike,0,,
314,28.0392,34.9262,34.0675,0,2.1917,5.5578,0.0105,0.0106,0.0225,Bike,0,,
315,30.5067,38.1927,36.5274,0,1.7953,5.0104,0.0188,0.0080,0.0233,Bus,1,,
316,28.5817,42.0822,30.1050,0,2.5030,3.6882,0.0454,0.0092,0.0221,Car,2,,
317,36.6235,39.7305,33.4098,0,1.4363,3.9349,0.0207,0.0055,0.0242,Car,2,,
318,22.3553,35.0885,28.4487,0,2.5640,4.6948,0.0424,0.0093,0.0169,Bus,1,,
319,29.7865,45.6093,31.6208,0,2.0772,4.3905,0.0336,0.0094,0.0172,Bus,1,,
320,24.4695,51.6002,29.3493,0,1.8317,4.8130,0.0119,0.0116,0.0145,Car,2,,
321,31.1670,40.9807,30.4850,0,1.9901,5.0566,0.0364,0.0107,0.0222,Car,2,,
322,24.9616,35.4797,32.9758,0,1.9464,5.5297,0.0288,0.0064,0.0239,Bike,0,,
323,23.0606,32.2552,25.9089,0,2.6101,4.9295,0.0254,0.0133,0.0223,Bike,0,,
324,31.5304,41.2899,40.4619,0,1.4617,5.4865,0.0324,0.0106,0.0284,Bike,0,,
325,22.5422,45.5194,24.9699,0,1.6187,5.0645,0.0347,0.0106,0.0200,Car,2,,
326,17.9364,42.3758,23.9291,0,2.5182,3.0245,0.0371,0.0100,0.0233,Bike,0,,
327,22.4158,39.9880,35.7906,0,1.7022,4.0607,0.0418,0.0084,0.0145,Bus,1,,
328,28.0952,37.0536,33.9583,0,2.4503,4.8559,0.0341,0.0107,0.0181,Car,2,,
329,31.9602,34.5392,33.1206,0,2.8497,3.7903,0.0162,0.0114,0.0235,Car,2,,
330,25.5556,44.1738,33.1417,0,1.7991,5.5999,0.0253,0.0048,0.0242,Bus,1,,
331,31.5910,44.5689,29.9388,0,2.3407,6.5308,0.0594,0.0084,0.0185,Bus,1,,
332,18.2091,32.2714,25.5137,0,1.4232,6.2188,0.0372,0.0092,0.0196,Bike,0,,
333,22.7837,47.9492,30.3790,0,2.3774,4.7866,0.0537,0.0108,0.0124,Car,2,,
334,23.5571,42.8704,26.6142,0,2.0997,6.4907,0.0440,0.0136,0.0182,Bus,1,,
335,24.4272,46.9980,34.8756,0,2.2365,5.1487,0.0324,0.0077,0.0245,Bike,0,,
336,25.4205,33.2894,29.2647,0,1.6772,4.6629,0.0330,0.0085,0.0229,Bus,1,,
337,28.4546,33.1709,25.8725,0,1.1695,4.3866,0.0296,0.0085,0.0225,Bike,0,,
338,22.7760,39.2552,28.3931,0,2.2516,4.6975,0.0126,0.0076,0.0202,Bike,0,,
339,25.6951,42.5139,32.0647,0,0.9683,4.6118,0.0302,0.0090,0.0200,Bus,1,,
340,24.7744,48.9818,27.1814,0,1.8413,5.1704,0.0421,0.0123,0.0167,Car,2,,
341,20.3706,43.5304,25.8889,0,2.4706,5.1606,0.0240,0.0068,0.0235,Car,2,,
342,24.4317,38.7866,31.2184,0,2.0959,5.0030,0.0341,0.0113,0.0221,Bus,1,,
343,24.2817,34.8682,31.2248,0,2.9742,5.4369,0.0385,0.0049,0.0225,Car,2,,
344,24.1746,46.1500,27.4653,0,2.5126,6.1906,0.0209,0.0083,0.0174,Car,2,,
345,25.1588,35.1765,27.6448,0,1.6731,5.9496,0.0255,0.0090,0.0092,Bus,1,,
346,25.3784,48.1423,31.1602,0,2.0137,3.5151,0.0198,0.0150,0.0255,Car,2,,
347,22.8385,38.5781,22.7596,0,1.9763,2.4461,0.0218,0.0092,0.0176,Bus,1,,
348,31.3636,47.9529,22.9627,0,1.2089,5.9343,0.0171,0.0034,0.0157,Bike,0,,
349,19.1526,43.3947,26.4078,0,1.5298,3.6331,0.0210,0.0040,0.0235,Bike,0,,
350,21.3951,39.3150,28.9328,0,1.7196,4.7752,0.0442,0.0101,0.0180,Bus,1,,
351,38.8998,37.4030,31.5545,0,0.9819,3.8299,0.0208,0.0118,0.0253,Bus,1,,
352,19.8100,38.2955,37.3768,0,2.0237,3.1980,0.0313,0.0111,0.0231,Bus,1,,
353,18.2312,42.1416,34.2883,0,1.8755,5.5415,0.0250,0.0105,0.0234,Bike,0,,
354,28.6724,40.3858,29.2003,0,1.1636,5.7592,0.0418,0.0135,0.0132,Bus,1,,
355,14.6144,37.0309,29.9049,0,2.2021,4.4235,0.0431,0.0084,0.0261,Car,2,,
356,23.8236,39.1718,24.9874,0,2.3579,2.4090,0.0386,0.0127,0.0213,Bike,0,,
357,35.7291,40.3929,29.9074,0,2.1135,4.4538,0.0331,0.0051,0.0182,Car,2,,
358,17.2753,29.3563,28.5567,0,1.8380,5.3918,0.0277,0.0073,0.0207,Bike,0,,
359,15.0902,42.2908,31.6136,0,2.2957,3.5211,0.0181,0.0046,0.0111,Bike,0,,
360,17.5041,35.1014,25.8638,0,2.3401,5.1834,0.0494,0.0092,0.0220,Bus,1,,
361,29.4918,34.2333,32.5967,0,2.1537,4.9847,0.0224,0.0099,0.0149,Car,2,,
362,30.6239,31.5633,37.6637,0,1.5877,5.5793,0.0366,0.0103,0.0132,Bus,1,,
363,22.4371,31.0305,29.4562,0,2.1383,5.1196,0.0406,0.0102,0.0124,Bike,0,,
364,28.4161,33.2228,32.0086,0,2.5977,4.0269,0.0244,0.0072,0.0256,Car,2,,
365,31.9513,36.4549,33.4507,0,1.7017,6.1966,0.0404,0.0094,0.0169,Car,2,,
366,33.9367,49.7663,27.9939,0,3.0490,4.8415,0.0376,0.0055,0.0277,Car,2,,
367,23.7683,37.3706,31.1205,0,1.7372,4.9727,0.0473,0.0141,0.0173,Bus,1,,
368,13.4926,40.8888,30.0630,0,2.0162,4.0667,0.0253,0.0091,0.0115,Bus,1,,
369,20.8956,42.0024,30.4884,0,1.6638,4.5567,0.0171,0.0085,0.0144,Car,2,,
370,22.8660,40.6553,26.1350,0,2.1116,4.1152,0.0249,0.0148,0.0262,Car,2,,
371,23.7053,39.6128,30.1226,0,1.1289,4.8271,0.0321,0.0063,0.0192,Car,2,,
372,24.0607,34.0235,32.4900,0,1.7270,6.7117,0.0306,0.0066,0.0173,Bus,1,,
373,30.5945,47.2546,37.2557,0,1.4539,3.6281,0.0261,0.0067,0.0208,Car,2,,
374,31.3721,49.0360,34.7964,0,2.0677,3.3864,0.0109,0.0098,0.0225,Bike,0,,
375,24.1416,31.5867,40.7659,0,2.4972,6.4712,0.0347,0.0113,0.0256,Bus,1,,
376,30.4924,34.8799,26.1633,0,2.3230,4.7907,0.0497,0.0122,0.0272,Bike,0,,
377,26.7883,38.6009,34.3616,0,0.8142,4.3309,0.0346,0.0177,0.0182,Bike,0,,
378,25.3225,35.1773,30.9167,0,3.0210,6.0399,0.0361,0.0033,0.0134,Car,2,,
379,29.5327,42.5298,40.9490,0,2.1476,4.3944,0.0357,0.0118,0.0179,Car,2,,
380,25.3613,36.3586,25.9585,0,1.6118,6.8260,0.0340,0.0083,0.0213,Car,2,,
381,35.2891,50.8253,25.8014,0,2.0786,5.6779,0.0393,0.0082,0.0152,Car,2,,
382,17.8079,45.9527,27.0030,0,2.0881,4.5121,0.0340,0.0081,0.0152,Car,2,,
383,22.4241,41.0629,19.3805,0,1.6666,7.1573,0.0269,0.0073,0.0217,Bus,1,,
384,24.3674,45.1349,27.3712,0,2.0990,4.3943,0.0220,0.0151,0.0198,Bike,0,,
385,27.1973,45.5295,26.2043,0,1.6963,5.7421,0.0275,0.0125,0.0202,Bike,0,,
386,31.3398,37.1803,30.7520,0,1.7978,5.2993,0.0331,0.0101,0.0162,Car,2,,
387,24.8780,35.9189,31.7088,0,1.6569,6.3017,0.0268,0.0141,0.0188,Bus,1,,
388,17.8889,40.3907,39.3809,0,1.2837,6.5615,0.0331,0.0055,0.0154,Bike,0,,
389,29.2126,44.3082,34.7521,0,2.0729,5.0320,0.0344,0.0060,0.0245,Car,2,,
390,28.7748,40.6953,27.1155,0,2.2926,4.2466,0.0383,0.0035,0.0252,Bike,0,,
391,15.2907,32.1150,25.5079,0,2.2574,5.4600,0.0428,0.0079,0.0108,Car,2,,
392,24.9810,35.9859,32.4596,0,2.4100,4.3223,0.0308,0.0105,0.0154,Bike,0,,
393,17.0493,39.6301,23.3988,0,2.1622,7.0134,0.0169,0.0103,0.0125,Bike,0,,
394,21.6767,39.6217,39.1573,0,1.7336,5.1365,0.0265,0.0104,0.0167,Bike,0,,
395,20.4860,49.8627,35.8972,0,2.4198,4.6347,0.0304,0.0058,0.0196,Bus,1,,
396,29.0463,33.0701,27.6541,0,1.3212,5.1847,0.0116,0.0124,0.0128,Bike,0,,
397,25.5842,42.5279,21.4343,0,1.5497,3.6529,0.0439,0.0107,0.0154,Bus,1,,
398,18.5720,47.4456,36.7694,0,1.5179,4.0284,0.0314,0.0122,0.0150,Car,2,,
399,29.4003,51.3572,29.4273,0,2.5400,6.2004,0.0338,0.0043,0.0210,Car,2,,
400,17.8310,37.9780,36.1891,0,2.4714,4.3431,0.0437,0.0109,0.0203,Car,2,,
401,26.6506,42.4571,22.0279,0,2.2437,3.9531,0.0237,0.0064,0.0164,Bus,1,,
402,20.9299,42.8488,27.0031,0,2.5360,5.5367,0.0357,0.0088,0.0209,Bus,1,,
403,23.1716,40.9774,30.0262,0,1.5604,6.1857,0.0289,0.0116,0.0173,Bus,1,,
404,27.5214,39.5058,30.2349,0,2.1743,5.7190,0.0282,0.0103,0.0186,Bike,0,,
405,27.6072,42.1799,27.7497,0,1.9374,5.9960,0.0223,0.0074,0.0284,Car,2,,
406,31.6848,27.3388,33.1142,0,2.4234,4.2432,0.0467,0.0100,0.0267,Bus,1,,
407,24.5887,43.4103,24.6619,0,1.9424,3.5782,0.0262,0.0054,0.0135,Bus,1,,
408,26.5323,40.6309,29.2881,0,1.8075,6.5013,0.0370,0.0135,0.0241,Bike,0,,
409,22.8113,38.8876,30.6015,0,2.2705,4.6773,0.0112,0.0094,0.0241,Bike,0,,
410,25.9099,50.2343,32.5722,0,2.4381,4.7492,0.0418,0.0134,0.0143,Bus,1,,
411,27.1974,36.6253,33.5581,0,1.6658,6.3282,0.0405,0.0084,0.0241,Bus,1,,
412,24.5085,37.9846,24.3768,0,1.9695,5.5562,0.0310,0.0084,0.0277,Bike,0,,
413,15.9812,49.9578,22.3294,0,1.4708,5.4559,0.0277,0.0077,0.0144,Bike,0,,
414,26.6574,35.8397,36.3884,0,0.7510,7.1650,0.0340,0.0126,0.0154,Car,2,,
415,26.8228,37.2494,31.6616,0,2.1002,4.3565,0.0529,0.0079,0.0251,Bike,0,,
416,21.5991,39.2649,26.2576,0,2.3045,5.9278,0.0124,0.0119,0.0214,Bus,1,,
417,18.5781,44.2037,37.7558,0,2.1310,5.0570,0.0378,0.0089,0.0228,Bike,0,,
418,32.3794,41.0390,30.5784,0,1.0252,5.2686,0.0209,0.0041,0.0217,Car,2,,
419,27.4572,33.5369,35.8965,0,1.8246,6.5285,0.0298,0.0083,0.0220,Bus,1,,
420,23.8546,37.3392,30.3376,0,0.8908,5.5078,0.0275,0.0065,0.0134,Bus,1,,
421,19.3148,36.9632,40.3037,0,2.6849,5.5383,0.0257,0.0101,0.0252,Car,2,,
422,20.8909,39.6139,38.7767,0,1.4570,6.0725,0.0299,0.0064,0.0258,Bike,0,,
423,31.5130,42.1292,28.7552,0,2.6277,4.6350,0.0187,0.0128,0.0189,Car,2,,
424,25.6883,42.0910,34.8579,0,2.4729,4.1608,0.0403,0.0097,0.0198,Bus,1,,
425,22.2471,31.1199,33.2269,0,1.5497,3.9552,0.0121,0.0095,0.0123,Bus,1,,
426,27.5484,45.3197,36.8432,0,1.4336,3.0336,0.0354,0.0120,0.0226,Car,2,,
427,20.9280,41.2628,25.1754,0,2.1752,7.0562,0.0267,0.0129,0.0229,Bus,1,,
428,32.5042,46.9227,33.4303,0,1.5778,3.8968,0.0183,0.0099,0.0197,Car,2,,
429,31.7640,42.2210,35.2921,0,2.0512,4.7787,0.0320,0.0077,0.0256,Bike,0,,
430,22.6671,45.5066,21.2063,0,1.7586,4.7232,0.0144,0.0047,0.0183,Bus,1,,
431,21.8566,42.3327,24.0837,0,1.1094,5.3074,0.0304,0.0079,0.0228,Car,2,,
432,11.9093,46.7311,19.8038,0,0.8848,5.8157,0.0158,0.0081,0.0149,Bike,0,,
433,17.5921,42.6113,28.6530,0,2.1133,5.8605,0.0346,0.0103,0.0199,Car,2,,
434,18.3027,39.5104,33.5877,0,1.7192,4.4169,0.0208,0.0090,0.0191,Bus,1,,
435,25.6760,51.3622,37.5118,0,1.7235,4.8329,0.0255,0.0121,0.0211,Car,2,,
436,23.3688,44.4452,30.3705,0,2.3479,5.2826,0.0329,0.0082,0.0182,Bike,0,,
437,18.2733,42.8687,38.1431,0,2.5867,4.7513,0.0223,0.0098,0.0193,Car,2,,
438,23.5942,33.6185,23.0995,0,1.8637,6.6073,0.0294,0.0136,0.0241,Bus,1,,
439,27.5267,33.5585,21.4831,0,1.8297,5.4910,0.0149,0.0110,0.0178,Bus,1,,
440,27.6392,41.4636,29.7223,0,2.2501,5.7349,0.0363,0.0098,0.0120,Car,2,,
441,15.5016,40.7276,31.9203,0,1.3215,5.6629,0.0476,0.0082,0.0287,Bus,1,,
442,24.3587,36.9294,29.8365,0,2.1116,6.1735,0.0579,0.0081,0.0269,Bike,0,,
443,18.0833,40.7049,19.6628,0,2.2759,5.1810,0.0309,0.0074,0.0135,Car,2,,
444,29.5086,47.9431,29.5544,0,2.3401,3.7032,0.0379,0.0084,0.0234,Bus,1,,
445,28.9207,43.4770,23.4777,0,1.0316,5.3997,0.0122,0.0123,0.0175,Bus,1,,
446,20.5099,34.2950,33.3484,0,1.6193,4.3486,0.0450,0.0093,0.0213,Car,2,,
447,21.1698,39.4425,31.8330,0,1.5609,4.4714,0.0378,0.0060,0.0215,Car,2,,
448,22.6937,35.9752,25.3006,0,2.0499,5.5864,0.0252,0.0153,0.0188,Car,2,,
449,13.7360,38.0615,27.4307,0,2.2404,6.2383,0.0424,0.0110,0.0161,Car,2,,
450,26.6798,37.9319,24.7039,0,2.7484,5.0213,0.0275,0.0058,0.0165,Car,2,,
451,23.6358,37.6118,29.6866,0,1.7525,5.3088,0.0254,0.0087,0.0154,Bus,1,,
452,29.8509,33.7243,34.7757,0,1.7512,6.7022,0.0348,0.0103,0.0158,Bus,1,,
453,19.5080,39.3617,25.0714,0,2.5748,5.2408,0.0194,0.0151,0.0197,Car,2,,
454,21.9044,37.1970,32.5202,0,2.1483,7.6017,0.0402,0.0067,0.0164,Bus,1,,
455,17.4674,25.3528,27.3487,0,2.6338,5.5655,0.0194,0.0129,0.0234,Bus,1,,
456,19.9785,50.2649,26.0356,0,2.1444,3.2392,0.0195,0.0142,0.0274,Bike,0,,
457,19.0901,45.4438,29.4648,0,1.4214,5.7533,0.0209,0.0081,0.0171,Bike,0,,
458,29.9799,38.1185,24.8238,0,1.3334,5.3812,0.0376,0.0092,0.0212,Bike,0,,
459,21.5087,40.0941,27.2318,0,1.2242,6.2898,0.0238,0.0069,0.0225,Bike,0,,
460,25.6209,34.1417,24.0106,0,2.3310,5.6732,0.0165,0.0094,0.0224,Car,2,,
461,23.0962,48.4786,39.8236,0,2.5943,4.8615,0.0239,0.0099,0.0204,Bus,1,,
462,18.6527,49.4864,30.1763,0,2.9247,3.7757,0.0297,0.0120,0.0237,Car,2,,
463,24.1585,40.7835,26.5014,0,2.4216,4.7910,0.0182,0.0133,0.0224,Car,2,,
464,27.9955,45.1177,31.0699,0,2.5814,4.1495,0.0185,0.0078,0.0138,Bike,0,,
465,18.9612,40.8764,29.4384,0,1.7100,4.4195,0.0511,0.0041,0.0243,Bus,1,,
466,29.0456,33.3164,28.8952,0,1.4218,5.5886,0.0214,0.0099,0.0244,Bike,0,,
467,20.7514,37.9409,33.0708,0,2.4250,6.6699,0.0268,0.0109,0.0162,Bus,1,,
468,22.5851,40.6596,33.7875,0,2.2088,5.3947,0.0263,0.0107,0.0202,Car,2,,
469,27.6534,37.7273,27.3475,0,2.0537,3.8041,0.0258,0.0090,0.0234,Bus,1,,
470,21.6828,38.9067,27.1209,0,2.1937,5.4446,0.0362,0.0104,0.0190,Bus,1,,
471,25.1879,39.5430,28.6247,0,2.1616,6.1966,0.0395,0.0145,0.0254,Car,2,,
472,23.4265,39.5956,18.4904,0,2.6419,4.3902,0.0269,0.0111,0.0318,Bike,0,,
473,25.6468,40.2613,22.4240,0,2.6475,4.8660,0.0176,0.0089,0.0161,Bike,0,,
474,13.0963,34.6970,36.8344,0,2.2721,5.0147,0.0427,0.0085,0.0131,Bike,0,,
475,15.8516,36.4149,38.2248,0,2.4229,4.2151,0.0290,0.0095,0.0215,Bus,1,,
476,28.0798,33.5771,28.7548,0,2.2570,5.6483,0.0473,0.0149,0.0236,Bus,1,,
477,30.1859,44.8891,32.8828,0,1.7694,4.8791,0.0075,0.0095,0.0188,Car,2,,
478,20.4476,29.4718,31.5563,0,2.3783,5.4195,0.0320,0.0099,0.0273,Bus,1,,
479,23.7799,45.7680,45.3944,0,1.3028,4.1125,0.0492,0.0086,0.0133,Bus,1,,
480,26.4736,46.9317,35.5979,0,2.5269,4.5625,0.0265,0.0133,0.0235,Bus,1,,
481,28.4661,38.4891,29.3604,0,1.4027,5.7224,0.0277,0.0159,0.0170,Car,2,,
482,14.8616,26.9843,25.2223,0,2.1429,4.6272,0.0330,0.0114,0.0286,Bus,1,,
483,20.5698,38.1934,21.9678,0,1.5774,6.7270,0.0244,0.0102,0.0300,Bus,1,,
484,23.3371,39.6791,31.0173,0,2.2767,4.6004,0.0269,0.0101,0.0162,Bus,1,,
485,28.5157,34.9470,26.2182,0,1.9830,5.2247,0.0266,0.0028,0.0173,Bus,1,,
486,37.4922,37.4239,22.8887,0,1.2026,5.9326,0.0237,0.0122,0.0243,Bike,0,,
487,23.8600,47.6510,26.7671,0,2.2103,3.5816,0.0423,0.0104,0.0181,Car,2,,
488,17.9651,43.3246,24.5923,0,1.7110,3.2392,0.0346,0.0113,0.0198,Bike,0,,
489,27.0113,35.3772,38.4357,0,2.4406,3.4743,0.0325,0.0079,0.0201,Bike,0,,
490,31.6050,32.0120,34.4082,0,2.0007,6.2626,0.0381,0.0088,0.0104,Bus,1,,
491,25.5401,38.3649,29.9601,0,2.1977,4.4481,0.0274,0.0088,0.0199,Bike,0,,
492,20.4668,38.9327,37.3997,0,1.5212,7.5582,0.0223,0.0131,0.0166,Bus,1,,
493,29.7900,42.4810,30.3868,0,1.7053,4.4358,0.0240,0.0089,0.0175,Bus,1,,
494,28.3177,37.3234,25.6936,0,1.7707,5.1846,0.0300,0.0162,0.0272,Car,2,,
495,19.8696,42.5575,37.6156,0,2.4284,6.5421,0.0194,0.0113,0.0137,Bus,1,,
496,26.9071,49.6758,32.6946,0,2.8387,7.0061,0.0250,0.0062,0.0241,Car,2,,
497,29.9863,44.0775,24.8138,0,1.5974,7.0615,0.0248,0.0096,0.0186,Car,2,,
498,30.9095,39.7596,29.0483,0,2.5384,6.2084,0.0512,0.0080,0.0186,Bus,1,,
499,24.6678,39.0842,25.6219,0,0.9152,6.0241,0.0023,0.0034,0.0240,Bus,1,,
500,23.2096,38.2166,23.0860,0,1.4029,5.5925,0.0282,0.0148,0.0217,Bike,0,,
501,31.1364,45.9032,34.6309,0,1.5206,5.7784,0.0473,0.0121,0.0229,Bike,0,,
502,18.9492,36.8634,39.5471,0,1.3237,4.4488,0.0312,0.0116,0.0248,Bike,0,,
503,27.1929,40.2261,23.0072,0,1.2082,4.1818,0.0375,0.0105,0.0183,Bike,0,,
504,18.1499,40.2560,32.8148,0,2.2065,4.9966,0.0310,0.0059,0.0169,Bus,1,,
505,30.3269,37.4911,26.7468,0,1.8930,4.8298,0.0233,0.0085,0.0146,Car,2,,
506,23.7098,33.1377,27.5644,0,2.1897,4.5468,0.0076,0.0125,0.0159,Car,2,,
507,31.3429,41.6149,27.0380,0,2.3452,5.6964,0.0321,0.0068,0.0347,Bus,1,,
508,27.4571,39.6950,25.6800,0,2.1328,5.9553,0.0222,0.0024,0.0262,Bus,1,,
509,18.8839,42.5012,30.2426,0,2.3289,5.0884,0.0220,0.0093,0.0132,Bus,1,,
510,32.1231,37.3320,25.8452,0,1.9652,6.4775,0.0250,0.0096,0.0134,Bike,0,,
511,32.7562,46.1041,31.3523,0,1.4065,3.8583,0.0474,0.0104,0.0224,Bus,1,,
512,29.4114,35.6161,29.7488,0,2.5289,4.8063,0.0540,0.0122,0.0227,Bus,1,,
513,21.1921,48.5602,28.8053,0,1.7054,4.2832,0.0322,0.0119,0.0227,Car,2,,
514,23.4699,31.2618,25.4622,0,1.5322,3.1335,0.0254,0.0108,0.0187,Bus,1,,
515,25.7271,42.1739,27.1161,0,1.9110,4.9173,0.0182,0.0136,0.0194,Bus,1,,
516,21.4814,42.3772,33.7770,0,1.5436,4.8783,0.0347,0.0054,0.0216,Bus,1,,
517,33.4617,36.0222,32.5046,0,1.7913,6.5134,0.0478,0.0115,0.0204,Car,2,,
518,25.7216,42.1220,25.1122,0,2.1720,5.6308,0.0275,0.0119,0.0089,Car,2,,
519,11.4833,46.3976,30.4967,0,2.1742,3.9758,0.0062,0.0063,0.0189,Bike,0,,
520,26.6968,28.9159,33.7569,0,1.5511,6.8541,0.0367,0.0055,0.0157,Bike,0,,
521,23.2592,42.5137,21.6530,0,1.7561,6.2210,0.0399,0.0078,0.0209,Car,2,,
522,24.6254,27.5336,32.7168,0,2.5372,5.5821,0.0141,0.0080,0.0349,Bus,1,,
523,23.1569,35.1717,26.6869,0,2.2482,4.7735,0.0318,0.0123,0.0218,Bike,0,,
524,29.0352,48.1458,32.8530,0,3.0375,4.0406,0.0345,0.0082,0.0184,Bike,0,,
525,30.5984,37.0911,26.1837,0,2.5901,4.6278,0.0293,0.0074,0.0246,Bike,0,,
526,26.4153,34.1306,20.9756,0,2.5721,6.0887,0.0221,0.0082,0.0224,Bus,1,,
527,23.3034,39.0103,21.8623,0,1.3061,6.8846,0.0402,0.0134,0.0221,Bike,0,,
528,24.7933,50.3395,30.2404,0,2.3819,6.5432,0.0260,0.0100,0.0230,Bike,0,,
529,25.0980,30.8416,31.2986,0,1.9734,4.5112,0.0151,0.0095,0.0303,Bike,0,,
530,20.9878,34.7435,25.4784,0,1.7245,3.8804,0.0095,0.0097,0.0143,Bike,0,,
531,27.8946,47.4872,33.1930,0,2.0840,5.1409,0.0426,0.0139,0.0224,Bus,1,,
532,27.3002,49.2885,21.6924,0,2.4726,3.2316,0.0362,0.0078,0.0154,Car,2,,
533,32.7022,39.4828,29.6696,0,2.2504,5.3232,0.0309,0.0139,0.0228,Bus,1,,
534,31.2767,33.8047,23.9449,0,1.5608,4.8524,0.0256,0.0106,0.0154,Car,2,,
535,21.5716,50.4792,26.7408,0,2.3712,4.5340,0.0247,0.0095,0.0179,Car,2,,
536,29.1015,47.9722,30.2370,0,1.6812,3.4053,0.0192,0.0175,0.0185,Bus,1,,
537,20.2452,43.3947,25.6979,0,2.1083,5.5136,0.0257,0.0068,0.0249,Bus,1,,
538,28.4797,35.9380,28.0772,0,1.8483,4.4673,0.0088,0.0089,0.0246,Bike,0,,
539,22.4169,39.7549,35.0315,0,1.8906,3.8301,0.0226,0.0063,0.0138,Car,2,,
540,19.8837,39.1982,27.1155,0,2.3831,2.1277,0.0269,0.0129,0.0203,Bike,0,,
541,26.4002,41.6543,34.1785,0,1.4799,4.9725,0.0361,0.0151,0.0165,Bus,1,,
542,11.6272,47.2550,24.3515,0,2.9726,6.7723,0.0296,0.0150,0.0137,Car,2,,
543,16.2451,44.3971,32.6490,0,1.0895,6.6613,0.0379,0.0137,0.0189,Bike,0,,
544,24.1125,34.6131,37.2078,0,1.7012,4.5429,0.0435,0.0094,0.0185,Bus,1,,
545,25.4122,46.8825,17.6418,0,2.1851,4.3978,0.0406,0.0089,0.0321,Car,2,,
546,23.1534,41.5657,26.0155,0,2.2922,5.4688,0.0347,0.0050,0.0222,Bus,1,,
547,17.1028,43.4353,32.8854,0,1.9498,4.0016,0.0301,0.0161,0.0131,Bike,0,,
548,20.9105,47.3327,28.9848,0,1.9713,5.3018,0.0202,0.0114,0.0172,Bike,0,,
549,26.9560,34.4421,31.8557,0,2.2053,5.7661,0.0374,0.0085,0.0251,Bus,1,,
550,27.9089,39.8209,26.9801,0,1.8845,6.2269,0.0468,0.0140,0.0304,Bus,1,,
551,24.9189,37.3427,30.4329,0,2.6966,4.8998,0.0334,0.0071,0.0121,Bus,1,,
552,30.7842,32.1607,29.2216,0,2.4197,4.7963,0.0492,0.0112,0.0106,Car,2,,
553,26.9870,41.7335,35.8389,0,2.4364,4.1220,0.0147,0.0095,0.0294,Bike,0,,
554,21.2627,52.5578,31.2721,0,1.5169,4.1731,0.0185,0.0119,0.0219,Bike,0,,
555,23.5975,30.7996,31.6880,0,1.9603,4.7735,0.0386,0.0098,0.0157,Car,2,,
556,17.9857,39.8386,27.9406,0,1.8498,5.3674,0.0326,0.0056,0.0227,Bike,0,,
557,24.4593,43.2027,27.5620,0,1.4972,5.9136,0.0431,0.0102,0.0068,Car,2,,
558,30.5605,40.6154,27.8372,0,2.1801,4.1968,0.0298,0.0131,0.0200,Bus,1,,
559,28.4265,39.4344,31.9723,0,1.7312,6.4927,0.0213,0.0099,0.0216,Car,2,,
560,32.0100,33.5039,27.8951,0,2.3277,4.7289,0.0279,0.0123,0.0246,Car,2,,
561,23.4856,41.1639,31.4489,0,1.4649,4.9786,0.0147,0.0069,0.0149,Bike,0,,
562,31.7305,36.2162,40.3770,0,2.8595,4.2528,0.0187,0.0099,0.0204,Bike,0,,
563,24.0335,29.0504,34.3556,0,1.5518,2.5758,0.0397,0.0081,0.0154,Bike,0,,
564,32.3579,45.9730,28.3699,0,2.1097,5.8840,0.0387,0.0122,0.0213,Car,2,,
565,24.8907,44.7919,36.0061,0,2.3959,5.7368,0.0336,0.0101,0.0155,Bike,0,,
566,28.5362,40.2583,27.9596,0,1.7147,4.7187,0.0128,0.0121,0.0180,Car,2,,
567,32.3756,41.1454,19.8094,0,2.4262,5.0670,0.0264,0.0133,0.0150,Bike,0,,
568,24.0329,45.3716,24.9596,0,1.3854,5.5159,0.0178,0.0121,0.0233,Bike,0,,
569,26.0919,41.1217,20.6460,0,2.7261,3.4375,0.0418,0.0108,0.0243,Bus,1,,
570,31.4443,44.5201,28.2424,0,2.0071,4.4709,0.0242,0.0070,0.0188,Bus,1,,
571,24.3350,38.5126,30.0921,0,1.7018,5.7943,0.0191,0.0100,0.0202,Car,2,,
572,18.3955,46.5599,38.3822,0,1.8504,3.7457,0.0303,0.0084,0.0128,Bike,0,,
573,35.7150,41.6039,31.6346,0,2.4045,5.2936,0.0236,0.0090,0.0185,Bus,1,,
574,22.6512,40.9703,28.9045,0,1.7078,3.6434,0.0448,0.0089,0.0197,Bike,0,,
575,25.7938,33.6497,34.1470,0,1.6253,5.4664,0.0227,0.0071,0.0331,Bike,0,,
576,30.7800,41.4348,18.9443,0,1.8892,4.9644,0.0160,0.0041,0.0144,Bike,0,,
577,21.9575,35.8402,31.1781,0,1.4115,3.3849,0.0085,0.0080,0.0273,Bus,1,,
578,19.9607,36.8086,33.8543,0,2.9103,6.1647,0.0297,0.0106,0.0250,Bus,1,,
579,26.2687,35.9231,22.6071,0,1.7168,4.2654,0.0244,0.0060,0.0214,Car,2,,
580,16.0346,34.6688,35.7188,0,2.4158,4.1897,0.0157,0.0100,0.0288,Bus,1,,
581,23.5605,50.6239,31.6925,0,2.1047,5.2006,0.0419,0.0157,0.0219,Bike,0,,
582,26.2252,46.6567,27.9236,0,1.5077,6.1486,0.0367,0.0131,0.0219,Car,2,,
583,23.6502,49.6018,33.1639,0,1.9970,3.9842,0.0297,0.0149,0.0197,Car,2,,
584,17.2827,33.8855,41.3535,0,2.3920,5.0617,0.0436,0.0112,0.0261,Bike,0,,
585,32.9709,40.3563,30.9093,0,1.9059,5.4288,0.0366,0.0135,0.0255,Car,2,,
586,25.5177,33.5325,31.2411,0,2.5966,5.6931,0.0218,0.0078,0.0169,Bus,1,,
587,32.1558,36.5215,27.7032,0,2.5108,5.1764,0.0196,0.0081,0.0134,Bike,0,,
588,23.6998,35.4094,25.7508,0,2.4595,4.6330,0.0382,0.0018,0.0190,Bike,0,,
589,20.5999,46.1979,34.1517,0,1.7702,4.1724,0.0340,0.0136,0.0160,Bike,0,,
590,26.3459,38.0189,25.7196,0,1.4601,5.0861,0.0317,0.0146,0.0197,Bike,0,,
591,23.9211,45.3419,30.3578,0,1.6932,3.9279,0.0215,0.0083,0.0262,Bike,0,,
592,19.1112,43.0206,27.6117,0,2.0981,2.0786,0.0361,0.0092,0.0177,Car,2,,
593,32.3489,51.5182,32.3949,0,2.2729,5.4366,0.0224,0.0077,0.0198,Bike,0,,
594,21.8886,32.6028,31.6683,0,0.9142,5.9039,0.0290,0.0111,0.0203,Bike,0,,
595,15.7987,46.2962,35.1877,0,1.9959,2.6371,0.0445,0.0134,0.0242,Car,2,,
596,31.6408,45.7322,27.4499,0,2.0790,3.9903,0.0234,0.0048,0.0088,Bus,1,,
597,22.4785,35.1331,28.6506,0,1.8612,5.6192,0.0143,0.0112,0.0170,Bus,1,,
598,21.9609,45.0357,25.1062,0,2.6456,7.0575,0.0195,0.0092,0.0211,Bus,1,,
599,16.1731,41.6807,27.7785,0,2.2109,5.0208,0.0399,0.0103,0.0260,Bus,1,,
600,33.7047,38.8626,31.8865,0,2.6551,4.2720,0.0325,0.0114,0.0175,Bus,1,,
601,18.5526,35.8803,33.7849,0,1.8920,4.8171,0.0287,0.0094,0.0106,Car,2,,
602,25.2922,36.4045,25.3892,0,2.4687,6.3749,0.0249,0.0097,0.0231,Bike,0,,
603,29.5631,50.2491,34.3480,0,2.8175,4.3540,0.0349,0.0094,0.0168,Bus,1,,
604,27.1086,40.0034,36.7782,0,2.6558,4.2008,0.0215,0.0129,0.0141,Bike,0,,
605,24.7017,43.9107,32.0672,0,1.4539,4.5173,0.0331,0.0113,0.0169,Car,2,,
606,16.4917,36.0455,39.3840,0,1.8732,4.0467,0.0227,0.0107,0.0191,Bus,1,,
607,20.9514,36.1007,26.1311,0,1.8274,5.1227,0.0210,0.0062,0.0170,Car,2,,
608,25.9390,45.4099,23.7767,0,2.2446,6.6247,0.0236,0.0089,0.0090,Bike,0,,
609,21.0641,33.2521,21.1064,0,2.3432,5.3231,0.0262,0.0127,0.0245,Bus,1,,
610,26.0168,37.9239,37.4802,0,1.5806,4.7476,0.0295,0.0101,0.0264,Car,2,,
611,28.4087,40.1701,33.2718,0,2.0339,4.7082,0.0324,0.0120,0.0233,Car,2,,
612,29.8125,40.5569,29.7221,0,0.9900,3.4368,0.0000,0.0153,0.0143,Bus,1,,
613,18.8691,39.1045,31.3998,0,2.7210,5.8831,0.0219,0.0131,0.0190,Bike,0,,
614,35.9832,41.9791,24.3726,0,1.7438,4.9222,0.0261,0.0103,0.0200,Bike,0,,
615,28.8374,43.4643,42.2288,0,2.0279,4.8195,0.0451,0.0085,0.0230,Bus,1,,
616,24.9914,43.6732,30.6461,0,1.8452,8.1931,0.0192,0.0023,0.0233,Bike,0,,
617,30.4477,35.0710,30.5470,0,2.5730,5.2988,0.0316,0.0095,0.0163,Bike,0,,
618,36.8270,38.5792,33.6288,0,0.5812,4.2482,0.0450,0.0090,0.0204,Bike,0,,
619,17.8064,45.9738,32.4050,0,1.9917,4.5736,0.0169,0.0112,0.0223,Bus,1,,
620,23.8737,44.4732,31.1194,0,1.9471,6.1484,0.0339,0.0095,0.0273,Bike,0,,
621,13.1078,33.1357,26.0476,0,1.7732,5.1133,0.0220,0.0090,0.0235,Bus,1,,
622,25.9633,41.7574,32.3573,0,2.8631,3.5617,0.0250,0.0047,0.0239,Bus,1,,
623,26.8270,30.1089,39.4101,0,1.5563,5.9192,0.0220,0.0072,0.0204,Bike,0,,
624,24.8042,40.2347,36.7271,0,2.3859,4.3319,0.0227,0.0114,0.0271,Bike,0,,
625,21.7273,49.4888,37.9659,0,2.1781,6.8733,0.0572,0.0151,0.0220,Bike,0,,
626,14.7524,35.2605,27.4439,0,2.6308,6.0800,0.0384,0.0097,0.0157,Bus,1,,
627,26.8677,35.8284,25.0520,0,1.6664,4.5527,0.0410,0.0110,0.0270,Bus,1,,
628,32.2772,43.8201,29.3711,0,1.6335,6.2810,0.0349,0.0129,0.0235,Car,2,,
629,22.0449,32.2860,30.2786,0,2.5480,5.0679,0.0139,0.0076,0.0178,Bus,1,,
630,27.2003,36.8362,35.4710,0,2.2127,5.8528,0.0339,0.0111,0.0176,Bike,0,,
631,17.1593,42.9822,21.5377,0,1.2275,5.4847,0.0407,0.0078,0.0215,Bus,1,,
632,27.2861,36.8286,37.6478,0,1.7303,4.1536,0.0215,0.0126,0.0223,Bike,0,,
633,23.0331,38.8202,29.2100,0,2.1932,4.3565,0.0397,0.0105,0.0210,Car,2,,
634,21.1879,43.7209,27.8656,0,2.4189,6.0300,0.0370,0.0109,0.0216,Car,2,,
635,21.1982,42.1077,24.9395,0,1.6604,4.6652,0.0485,0.0077,0.0285,Bus,1,,
636,23.0319,41.3341,21.7257,0,0.5429,4.5964,0.0258,0.0121,0.0254,Car,2,,
637,26.9122,38.3044,34.1159,0,2.2616,4.0449,0.0190,0.0163,0.0210,Bus,1,,
638,18.4392,41.8503,30.3666,0,1.3898,5.4236,0.0264,0.0070,0.0247,Car,2,,
639,23.0144,39.3813,23.5502,0,0.9913,7.0625,0.0444,0.0090,0.0148,Bus,1,,
640,24.7926,42.2890,23.5246,0,0.5838,3.9325,0.0117,0.0107,0.0220,Bus,1,,
641,19.5048,37.5153,28.3211,0,2.4070,5.0242,0.0093,0.0124,0.0290,Bike,0,,
642,33.9833,39.0872,38.3451,0,2.0643,6.4122,0.0309,0.0083,0.0189,Bike,0,,
643,20.7325,35.0502,28.7020,0,1.8872,4.9204,0.0256,0.0015,0.0158,Car,2,,
644,21.6528,39.8250,22.4843,0,2.6945,5.4524,0.0301,0.0141,0.0167,Car,2,,
645,20.1085,35.9450,28.7713,0,2.3187,3.9376,0.0395,0.0123,0.0146,Car,2,,
646,33.9924,34.4298,28.6364,0,2.8082,5.4283,0.0245,0.0048,0.0161,Bus,1,,
647,27.7645,41.2933,16.5156,0,1.3036,4.8129,0.0113,0.0082,0.0181,Car,2,,
648,20.3170,41.0637,29.7285,0,1.9827,5.9857,0.0504,0.0147,0.0130,Bus,1,,
649,30.5312,43.9144,28.8453,0,1.1916,6.1874,0.0200,0.0143,0.0201,Car,2,,
650,26.0035,37.8444,33.4810,0,1.8853,7.5896,0.0194,0.0128,0.0245,Bike,0,,
651,26.2863,42.0403,39.2448,0,1.8757,5.5796,0.0410,0.0095,0.0155,Bike,0,,
652,23.2776,42.7540,35.6328,0,2.3133,5.3258,0.0262,0.0102,0.0276,Bike,0,,
653,21.2529,42.2239,28.6556,0,2.0228,5.1944,0.0294,0.0096,0.0226,Car,2,,
654,26.6888,35.8717,24.4674,0,2.3117,4.6468,0.0348,0.0134,0.0252,Bike,0,,
655,22.2746,40.7468,42.8668,0,2.3517,5.3385,0.0408,0.0074,0.0167,Bike,0,,
656,34.0838,41.8207,30.2961,0,3.0775,4.7046,0.0267,0.0076,0.0243,Bike,0,,
657,18.6535,40.0359,30.0696,0,1.8424,5.1685,0.0452,0.0130,0.0145,Bike,0,,
658,32.6808,29.5676,29.8794,0,1.5295,6.3176,0.0086,0.0099,0.0245,Bus,1,,
659,24.4434,40.8024,30.9904,0,2.1230,3.9935,0.0376,0.0141,0.0209,Bus,1,,
660,26.4954,51.0627,29.2782,0,1.5989,6.1399,0.0216,0.0080,0.0228,Bike,0,,
661,29.1658,38.1998,27.1317,0,2.7410,6.3171,0.0437,0.0098,0.0141,Car,2,,
662,21.8488,36.3596,27.2657,0,1.8584,4.8819,0.0314,0.0072,0.0155,Bus,1,,
663,29.3212,41.8667,29.8362,0,1.7172,2.8781,0.0233,0.0100,0.0230,Car,2,,
664,11.4623,41.5619,27.2829,0,1.7643,4.3922,0.0366,0.0056,0.0153,Bike,0,,
665,21.4001,45.9637,26.4358,0,2.3592,6.2970,0.0389,0.0085,0.0223,Bike,0,,
666,20.3797,33.7107,30.5322,0,1.9211,4.9771,0.0364,0.0057,0.0132,Car,2,,
667,18.7325,43.6569,28.7251,0,1.6792,4.0007,0.0197,0.0121,0.0242,Car,2,,
668,23.9252,42.9521,37.5200,0,2.8327,4.4952,0.0252,0.0121,0.0138,Bike,0,,
669,26.9287,39.2893,16.7452,0,1.5719,5.8406,0.0300,0.0048,0.0228,Bike,0,,
670,28.5133,41.6934,35.4575,0,2.0178,5.5467,0.0296,0.0140,0.0231,Car,2,,
671,26.2044,45.1473,36.2304,0,2.3262,4.7611,0.0375,0.0175,0.0165,Bike,0,,
672,21.6715,44.3616,19.6330,0,1.1843,4.6332,0.0099,0.0101,0.0229,Bike,0,,
673,26.8451,34.2849,28.2866,0,2.2401,4.6082,0.0333,0.0081,0.0213,Car,2,,
674,25.6214,44.1008,28.1428,0,1.4724,4.0776,0.0271,0.0185,0.0173,Car,2,,
675,29.6803,39.6766,22.9624,0,2.4114,6.6154,0.0216,0.0060,0.0150,Bus,1,,
676,28.8847,40.3644,26.1109,0,1.5187,4.6777,0.0226,0.0101,0.0102,Car,2,,
677,25.1524,40.3660,24.4471,0,2.3464,6.2172,0.0279,0.0105,0.0217,Bike,0,,
678,20.5137,39.2488,38.7614,0,2.5529,6.5213,0.0000,0.0140,0.0122,Bus,1,,
679,21.7352,45.9585,34.6784,0,2.4307,5.9983,0.0230,0.0111,0.0205,Bike,0,,
680,22.2511,39.5814,36.3578,0,2.1257,4.5684,0.0212,0.0085,0.0187,Bike,0,,
681,23.4237,34.4023,33.6084,0,1.8843,5.4037,0.0353,0.0071,0.0234,Car,2,,
682,26.3403,38.0324,24.3547,0,1.7118,4.9758,0.0219,0.0090,0.0185,Bus,1,,
683,28.5759,40.8935,27.3774,0,2.7355,4.0963,0.0278,0.0070,0.0184,Bike,0,,
684,24.7444,46.1461,32.4469,0,1.6503,5.3244,0.0454,0.0101,0.0237,Bike,0,,
685,25.0806,43.0155,23.8894,0,1.4815,3.8210,0.0399,0.0083,0.0217,Bike,0,,
686,25.7165,35.7473,33.5650,0,2.3327,6.1877,0.0390,0.0055,0.0216,Bike,0,,
687,22.4205,52.4259,28.7984,0,1.6019,4.5354,0.0250,0.0138,0.0223,Bike,0,,
688,20.3730,41.3239,28.1259,0,1.5250,5.2012,0.0354,0.0085,0.0123,Bus,1,,
689,16.2228,46.3770,33.5548,0,1.2782,5.2833,0.0277,0.0062,0.0238,Bus,1,,
690,21.5243,39.2414,32.2213,0,1.7585,4.7411,0.0280,0.0095,0.0231,Bike,0,,
691,27.3657,42.6668,28.1952,0,1.9586,5.5867,0.0341,0.0102,0.0149,Bus,1,,
692,21.4854,44.1973,35.7966,0,2.1215,4.5251,0.0240,0.0048,0.0188,Bike,0,,
693,23.8110,46.0910,24.5947,0,2.4757,5.8713,0.0449,0.0110,0.0198,Bike,0,,
694,27.3322,45.2868,33.0797,0,2.2634,3.6540,0.0284,0.0069,0.0193,Bike,0,,
695,27.6034,44.3610,32.9655,0,1.9046,5.1264,0.0362,0.0151,0.0217,Car,2,,
696,19.6023,38.4246,28.4523,0,1.9009,6.9389,0.0446,0.0116,0.0272,Bike,0,,
697,29.9853,37.1413,31.6307,0,2.2551,3.9997,0.0403,0.0088,0.0254,Bus,1,,
698,30.6368,41.6630,23.7444,0,2.6363,4.3223,0.0159,0.0078,0.0134,Bus,1,,
699,19.3508,44.6656,34.6201,0,2.0632,5.5139,0.0344,0.0097,0.0231,Car,2,,
700,20.8808,38.8864,29.0755,0,1.7654,5.1796,0.0385,0.0118,0.0266,Bus,1,,
701,30.9555,45.3259,27.3864,0,1.5036,5.3506,0.0389,0.0099,0.0219,Bus,1,,
702,24.2657,47.2631,35.2450,0,1.2774,5.4892,0.0189,0.0093,0.0255,Bike,0,,
703,13.9011,35.4184,26.4783,0,2.3331,5.6347,0.0234,0.0102,0.0301,Car,2,,
704,18.0016,35.8154,22.9577,0,2.2890,6.1097,0.0399,0.0082,0.0251,Bus,1,,
705,23.7532,39.2981,22.2169,0,2.2887,5.4098,0.0224,0.0090,0.0212,Bus,1,,
706,19.1848,41.5381,33.0300,0,1.9357,4.7587,0.0270,0.0037,0.0252,Bus,1,,
707,22.9329,37.3772,23.5979,0,2.7035,5.6726,0.0458,0.0129,0.0207,Car,2,,
708,25.1620,46.7610,38.7740,0,1.7579,6.8999,0.0295,0.0109,0.0201,Bike,0,,
709,32.3113,42.1203,19.5904,0,2.4776,4.8674,0.0227,0.0077,0.0182,Bike,0,,
710,23.5477,40.1972,38.4823,0,1.9806,4.0255,0.0212,0.0157,0.0278,Bike,0,,
711,30.3627,32.8205,31.0551,0,1.6958,6.1071,0.0333,0.0103,0.0159,Bus,1,,
712,32.1438,33.4209,29.5164,0,2.2963,4.8796,0.0167,0.0069,0.0277,Bus,1,,
713,32.1715,41.4050,27.2754,0,2.2048,2.8273,0.0275,0.0126,0.0225,Bus,1,,
714,26.4238,29.3370,31.9957,0,2.1785,5.8474,0.0333,0.0112,0.0130,Bus,1,,
715,15.1836,45.0632,29.8118,0,2.0406,4.4647,0.0430,0.0112,0.0218,Bike,0,,
716,27.3041,39.2092,35.5165,0,1.9811,4.9095,0.0367,0.0087,0.0095,Bike,0,,
717,30.2420,56.2155,30.5711,0,3.1942,5.3320,0.0229,0.0114,0.0231,Bus,1,,
718,24.5947,51.5396,30.7515,0,2.5921,5.1905,0.0418,0.0092,0.0244,Car,2,,
719,33.7229,39.0928,28.1819,0,2.3614,5.7095,0.0270,0.0117,0.0170,Car,2,,
720,29.2992,39.4683,29.7153,0,2.0559,4.5645,0.0176,0.0043,0.0206,Bus,1,,
721,27.8414,44.9779,31.5390,0,2.5036,5.5131,0.0283,0.0087,0.0298,Bike,0,,
722,30.4319,48.5159,21.4492,0,2.2590,4.7405,0.0444,0.0152,0.0175,Bike,0,,
723,26.6668,31.8099,23.2591,0,2.0131,5.7388,0.0317,0.0077,0.0147,Bike,0,,
724,12.5359,31.0681,33.7163,0,1.8482,5.6154,0.0301,0.0082,0.0274,Bike,0,,
725,22.5043,36.8898,30.8543,0,1.9595,4.0646,0.0464,0.0087,0.0298,Bus,1,,
726,30.9858,42.9137,29.0801,0,0.4148,6.0860,0.0157,0.0064,0.0200,Bike,0,,
727,20.9620,42.4844,30.0922,0,2.1053,4.4640,0.0171,0.0034,0.0251,Car,2,,
728,23.8826,45.3489,31.7379,0,1.7558,5.8081,0.0138,0.0093,0.0267,Bus,1,,
729,19.7758,34.0015,27.3012,0,2.7963,5.3673,0.0337,0.0104,0.0163,Car,2,,
730,33.9196,28.4193,26.1085,0,2.0097,6.8382,0.0317,0.0098,0.0176,Car,2,,
731,33.4075,44.2901,30.9792,0,1.4055,4.7765,0.0454,0.0096,0.0262,Car,2,,
732,20.5807,35.8590,25.1081,0,1.9751,4.6507,0.0324,0.0101,0.0284,Bike,0,,
733,25.7365,29.9076,32.0413,0,1.4769,4.9806,0.0260,0.0131,0.0228,Car,2,,
734,21.5975,40.7253,21.4871,0,2.2367,4.6968,0.0300,0.0094,0.0156,Car,2,,
735,28.0747,43.9659,35.1458,0,2.1455,5.7999,0.0312,0.0083,0.0299,Bike,0,,
736,27.5484,39.3897,32.3630,0,2.4789,3.3837,0.0133,0.0092,0.0173,Bus,1,,
737,29.0585,37.7108,31.2801,0,1.6046,3.9463,0.0571,0.0117,0.0183,Car,2,,
738,26.6596,39.2032,34.9135,0,2.0170,3.9322,0.0352,0.0142,0.0217,Bus,1,,
739,39.6770,38.1471,38.3274,0,1.3175,5.9503,0.0321,0.0081,0.0278,Bus,1,,
740,19.8604,33.2598,35.0719,0,2.3507,6.7106,0.0362,0.0103,0.0243,Bus,1,,
741,16.4470,36.4266,20.7956,0,2.2594,4.8956,0.0371,0.0110,0.0221,Bus,1,,
742,23.0345,42.6064,23.6021,0,2.2479,4.8312,0.0286,0.0070,0.0223,Car,2,,
743,17.1601,41.6084,26.8759,0,2.0008,5.0701,0.0237,0.0101,0.0202,Bike,0,,
744,17.5377,40.8403,30.1305,0,2.2074,6.1619,0.0360,0.0056,0.0228,Bus,1,,
745,19.9934,35.0243,32.5883,0,2.8022,4.0726,0.0339,0.0047,0.0074,Bus,1,,
746,20.3891,39.0925,26.3713,0,1.8575,5.2384,0.0219,0.0111,0.0185,Bus,1,,
747,20.2269,29.1147,30.9338,0,2.0693,5.9752,0.0442,0.0088,0.0212,Bike,0,,
748,27.5911,40.8924,26.2231,0,1.4569,5.5011,0.0329,0.0106,0.0142,Bus,1,,
749,22.4691,47.1443,26.9424,0,1.5659,5.1896,0.0373,0.0099,0.0219,Bus,1,,
750,24.1024,32.6293,22.9667,0,2.0489,6.0010,0.0439,0.0071,0.0190,Bike,0,,
751,29.4712,37.0704,25.3838,0,2.5520,2.2968,0.0302,0.0099,0.0288,Car,2,,
752,21.1684,41.6455,23.2416,0,1.8719,5.6779,0.0332,0.0063,0.0279,Bike,0,,
753,23.6773,46.2642,25.1206,0,1.8820,4.3459,0.0381,0.0142,0.0177,Bus,1,,
754,26.8288,37.7589,35.2682,0,1.7966,3.1694,0.0228,0.0059,0.0192,Car,2,,
755,15.2922,36.5387,25.2530,0,1.7326,5.5112,0.0305,0.0094,0.0196,Bus,1,,
756,13.0755,30.1554,43.1619,0,2.1475,6.3737,0.0313,0.0069,0.0177,Bus,1,,
757,26.7306,40.5172,32.4666,0,1.2514,4.8626,0.0204,0.0117,0.0210,Bike,0,,
758,27.4601,50.2104,30.9242,0,2.6405,5.9529,0.0532,0.0090,0.0162,Bus,1,,
759,35.3211,41.3868,25.7082,0,1.6673,6.6123,0.0159,0.0084,0.0143,Bus,1,,
760,25.7905,39.8886,33.5015,0,2.3610,6.3149,0.0170,0.0126,0.0231,Bike,0,,
761,29.0987,41.6104,27.1218,0,1.3650,6.6400,0.0431,0.0101,0.0231,Bike,0,,
762,24.0226,39.9445,30.6100,0,2.3344,5.7421,0.0371,0.0115,0.0160,Car,2,,
763,26.4861,35.9349,42.8004,0,2.3360,5.0754,0.0197,0.0071,0.0245,Bike,0,,
764,33.3363,44.1164,29.5197,0,2.1921,3.3980,0.0361,0.0058,0.0168,Bike,0,,
765,14.3800,41.1288,35.7464,0,1.5028,4.7539,0.0447,0.0103,0.0213,Bike,0,,
766,27.0681,40.0881,26.4841,0,2.1248,4.1568,0.0297,0.0090,0.0241,Bike,0,,
767,35.6779,35.1232,29.8251,0,1.4085,7.1709,0.0560,0.0119,0.0198,Bus,1,,
768,26.4102,46.5175,38.8540,0,1.8736,4.8241,0.0128,0.0098,0.0223,Bike,0,,
769,33.2529,43.3235,26.8652,0,2.5147,5.1232,0.0369,0.0106,0.0174,Bus,1,,
770,21.8539,37.2354,39.0622,0,2.3984,5.5515,0.0417,0.0051,0.0190,Bike,0,,
771,24.8398,45.0091,33.5388,0,2.0076,5.0436,0.0389,0.0157,0.0190,Bike,0,,
772,25.1676,37.5121,27.1877,0,1.5126,6.6951,0.0280,0.0095,0.0163,Bike,0,,
773,13.9120,36.0900,33.1620,0,2.3228,4.3774,0.0271,0.0121,0.0191,Bike,0,,
774,19.1591,36.2015,34.8628,0,2.0097,5.1946,0.0344,0.0075,0.0123,Bus,1,,
775,19.5156,31.1447,33.1090,0,0.8398,4.2575,0.0382,0.0109,0.0175,Bike,0,,
776,29.1103,42.3577,22.1489,0,2.3913,3.6800,0.0360,0.0061,0.0186,Car,2,,
777,29.3608,30.8443,26.3643,0,1.9879,4.3882,0.0404,0.0114,0.0187,Bus,1,,
778,26.6202,33.8578,28.7624,0,2.6012,4.9630,0.0198,0.0089,0.0188,Bus,1,,
779,29.1205,29.6221,29.6278,0,1.4524,4.5707,0.0277,0.0101,0.0197,Bus,1,,
780,24.1793,39.5697,33.1034,0,0.4116,4.3076,0.0206,0.0121,0.0224,Bike,0,,
781,31.0097,39.2484,30.8885,0,2.1395,3.5937,0.0261,0.0063,0.0244,Bike,0,,
782,25.0439,38.3665,23.3233,0,2.1458,4.9169,0.0402,0.0079,0.0168,Car,2,,
783,25.2893,34.7871,31.9010,0,1.1547,3.4953,0.0311,0.0114,0.0140,Bus,1,,
784,23.6720,34.1388,33.0529,0,1.5108,5.7601,0.0561,0.0163,0.0148,Bike,0,,
785,28.4223,42.3218,32.7990,0,3.3776,5.0824,0.0319,0.0096,0.0176,Bike,0,,
786,22.8940,37.2472,35.4039,0,1.8472,3.5424,0.0306,0.0118,0.0182,Bike,0,,
787,29.8822,41.5818,34.1696,0,2.3655,4.6908,0.0311,0.0097,0.0162,Car,2,,
788,19.3393,35.5738,32.2959,0,1.6747,4.2478,0.0236,0.0158,0.0135,Car,2,,
789,19.5054,40.9053,29.6492,0,0.9548,5.3192,0.0294,0.0048,0.0177,Car,2,,
790,28.4371,46.5164,21.6952,0,1.9149,6.3405,0.0413,0.0103,0.0209,Bus,1,,
791,24.5573,42.9308,32.1481,0,1.8672,3.1248,0.0311,0.0051,0.0230,Bike,0,,
792,22.7305,37.9379,31.0384,0,1.8001,5.1150,0.0221,0.0025,0.0172,Bike,0,,
793,29.4503,41.2860,31.3579,0,1.9427,4.8399,0.0207,0.0109,0.0179,Bike,0,,
794,21.9637,38.7967,23.6163,0,2.1321,5.6713,0.0255,0.0104,0.0154,Bus,1,,
795,23.9990,40.0394,24.5947,0,1.9249,5.2132,0.0307,0.0091,0.0198,Bike,0,,
796,31.9961,38.3719,35.2658,0,1.3680,4.2480,0.0419,0.0097,0.0158,Bike,0,,
797,32.6957,39.1783,29.8022,0,2.2431,4.6809,0.0166,0.0193,0.0229,Bus,1,,
798,32.8620,41.0605,33.4075,0,1.0253,4.2040,0.0268,0.0092,0.0111,Bus,1,,
799,23.5894,35.0332,30.1416,0,0.9748,6.0760,0.0314,0.0115,0.0182,Car,2,,
800,31.1535,34.9206,30.1488,0,2.3696,5.0213,0.0117,0.0081,0.0215,Bike,0,,
801,20.2552,33.0573,34.6914,0,2.2535,6.9012,0.0217,0.0109,0.0209,Car,2,,
802,20.4655,31.9986,27.4198,0,1.9713,4.9393,0.0232,0.0093,0.0335,Bike,0,,
803,13.2477,33.9136,30.4806,0,1.3023,4.2916,0.0220,0.0088,0.0217,Bike,0,,
804,33.3643,40.7973,27.6886,0,1.6460,3.4863,0.0319,0.0155,0.0150,Bike,0,,
805,20.6801,35.5361,27.8275,0,1.8686,3.1969,0.0284,0.0135,0.0195,Car,2,,
806,24.3673,42.5681,28.4541,0,1.2021,3.4159,0.0244,0.0104,0.0111,Car,2,,
807,20.4484,40.1736,31.1107,0,1.6305,5.2671,0.0343,0.0031,0.0196,Bus,1,,
808,28.4758,30.1575,27.6063,0,2.3262,5.5087,0.0472,0.0089,0.0158,Car,2,,
809,23.1218,43.2749,36.2788,0,2.7137,3.4188,0.0464,0.0181,0.0246,Car,2,,
810,18.4759,44.0540,25.5270,0,1.7903,5.8950,0.0108,0.0093,0.0173,Car,2,,
811,27.2083,35.0307,29.0656,0,2.3782,4.5169,0.0358,0.0133,0.0194,Bike,0,,
812,17.8313,42.1010,27.8013,0,1.0430,5.1468,0.0282,0.0143,0.0168,Car,2,,
813,20.8130,35.7175,37.2349,0,2.3297,6.6122,0.0316,0.0107,0.0287,Car,2,,
814,14.4656,40.4884,30.9828,0,1.5980,5.8968,0.0260,0.0075,0.0184,Car,2,,
815,17.8802,33.6775,35.1592,0,2.1537,4.7315,0.0312,0.0027,0.0292,Bike,0,,
816,25.8926,31.0345,22.5722,0,1.8761,4.1088,0.0315,0.0121,0.0241,Bus,1,,
817,15.1773,38.0859,31.3353,0,2.6602,2.8482,0.0242,0.0076,0.0224,Bike,0,,
818,17.5943,39.3814,34.4482,0,1.5628,4.2808,0.0210,0.0105,0.0218,Bike,0,,
819,24.9882,38.0116,30.4114,0,2.3138,4.7889,0.0255,0.0063,0.0220,Bus,1,,
820,22.2820,34.0798,35.3274,0,1.8602,4.0128,0.0323,0.0092,0.0104,Bus,1,,
821,34.9602,38.0005,27.4136,0,1.9208,4.8687,0.0360,0.0101,0.0186,Car,2,,
822,34.1695,41.3465,37.0467,0,1.9081,5.0769,0.0385,0.0108,0.0242,Car,2,,
823,20.6604,39.7755,41.4945,0,1.5772,4.7751,0.0251,0.0067,0.0198,Bike,0,,
824,27.7857,40.9125,28.1858,0,1.9930,4.3500,0.0328,0.0136,0.0130,Bike,0,,
825,28.7464,36.6494,27.7725,0,1.9687,5.1687,0.0396,0.0082,0.0197,Bus,1,,
826,22.0126,45.8586,37.2669,0,2.1206,5.4419,0.0417,0.0050,0.0285,Bus,1,,
827,17.5223,34.1191,37.8979,0,2.0423,3.9096,0.0294,0.0097,0.0262,Car,2,,
828,24.9385,42.4378,27.3857,0,2.3990,6.4109,0.0278,0.0101,0.0197,Bike,0,,
829,24.1358,45.9095,27.8991,0,2.4618,4.9014,0.0319,0.0105,0.0248,Bus,1,,
830,22.8212,42.4045,28.5911,0,1.4747,5.0188,0.0185,0.0141,0.0182,Bike,0,,
831,27.2116,38.9874,23.2777,0,2.4344,5.7082,0.0281,0.0093,0.0115,Bus,1,,
832,21.2464,37.3585,25.4067,0,1.4068,5.2332,0.0374,0.0096,0.0154,Bike,0,,
833,19.2400,45.1804,24.9793,0,2.2939,5.9531,0.0364,0.0067,0.0278,Bike,0,,
834,25.5454,32.8851,26.1610,0,2.3099,5.2871,0.0273,0.0125,0.0186,Bus,1,,
835,26.9299,35.1494,29.8266,0,1.0443,4.3876,0.0322,0.0106,0.0188,Bike,0,,
836,19.1168,38.0122,31.1711,0,2.0465,5.3615,0.0218,0.0087,0.0185,Bike,0,,
837,29.6405,46.1883,37.7525,0,1.7658,3.8563,0.0370,0.0043,0.0295,Bike,0,,
838,16.1476,41.8988,25.0082,0,1.6206,5.1086,0.0292,0.0143,0.0281,Car,2,,
839,22.1094,35.1598,34.9216,0,2.6754,4.9668,0.0272,0.0063,0.0311,Bus,1,,
840,23.7100,38.4485,28.9301,0,1.6732,4.7919,0.0264,0.0082,0.0192,Car,2,,
841,21.8189,36.9284,29.7527,0,1.5968,4.8715,0.0294,0.0111,0.0215,Car,2,,
842,22.1747,36.4511,33.3741,0,2.0378,3.1182,0.0255,0.0064,0.0124,Bike,0,,
843,34.3554,44.8944,24.3864,0,2.3428,4.4513,0.0366,0.0055,0.0274,Bike,0,,
844,20.7456,33.1413,31.9120,0,1.9292,5.0928,0.0260,0.0036,0.0142,Bus,1,,
845,37.2061,48.0439,30.8323,0,2.5832,5.1599,0.0459,0.0122,0.0211,Bus,1,,
846,27.1856,44.1411,32.4623,0,2.2655,3.9723,0.0447,0.0084,0.0145,Bus,1,,
847,25.4603,45.4543,31.4458,0,0.9109,6.2657,0.0211,0.0188,0.0171,Bus,1,,
848,27.3812,37.6853,42.2765,0,1.7353,4.1338,0.0307,0.0070,0.0158,Bike,0,,
849,37.6496,39.2503,26.8113,0,1.7191,5.9695,0.0235,0.0072,0.0170,Car,2,,
850,20.0320,32.8342,27.3450,0,2.2397,5.4272,0.0267,0.0083,0.0173,Car,2,,
851,19.3979,37.3767,26.8843,0,0.6876,4.3538,0.0500,0.0107,0.0173,Car,2,,
852,21.2257,42.4683,27.2226,0,3.2745,6.7753,0.0269,0.0086,0.0242,Bike,0,,
853,25.1607,46.4803,26.8131,0,2.2655,3.8064,0.0336,0.0118,0.0145,Car,2,,
854,16.3711,34.4642,35.9451,0,2.0744,5.9192,0.0354,0.0071,0.0211,Bike,0,,
855,25.1117,38.1725,37.1025,0,2.5908,6.0006,0.0200,0.0059,0.0261,Bike,0,,
856,33.4677,39.2435,27.1463,0,3.1718,4.3294,0.0214,0.0046,0.0174,Bus,1,,
857,25.7570,33.0211,25.8382,0,2.4354,6.3925,0.0179,0.0033,0.0164,Bike,0,,
858,23.5366,42.9567,32.3571,0,2.4744,4.7500,0.0211,0.0084,0.0188,Car,2,,
859,21.9092,36.3800,27.2389,0,2.0653,5.2887,0.0015,0.0091,0.0259,Bike,0,,
860,29.4926,39.0230,33.1647,0,1.9292,5.2603,0.0354,0.0081,0.0210,Bike,0,,
861,20.8708,37.7403,31.0146,0,1.7621,4.8657,0.0505,0.0137,0.0173,Bus,1,,
862,34.2320,36.0533,22.4213,0,1.5869,5.8108,0.0315,0.0137,0.0224,Bus,1,,
863,34.6668,39.9648,37.7375,0,1.6565,5.7935,0.0158,0.0090,0.0145,Bike,0,,
864,26.2838,38.9220,38.9794,0,1.3247,3.2515,0.0236,0.0046,0.0234,Bus,1,,
865,24.9424,38.1407,26.9361,0,1.9621,6.3043,0.0254,0.0083,0.0220,Bus,1,,
866,30.1533,36.3577,28.0615,0,1.1577,3.3375,0.0198,0.0082,0.0185,Bus,1,,
867,30.4740,41.5976,31.4293,0,2.0955,6.0325,0.0386,0.0080,0.0158,Bus,1,,
868,20.9700,48.2681,31.6723,0,1.9818,6.1267,0.0381,0.0079,0.0156,Bike,0,,
869,22.3672,40.6994,33.2927,0,2.0735,3.9090,0.0184,0.0080,0.0227,Bike,0,,
870,18.3883,44.9806,40.0510,0,1.7389,4.5892,0.0373,0.0088,0.0261,Bus,1,,
871,27.0453,33.0489,29.1153,0,3.5384,3.8943,0.0453,0.0081,0.0168,Car,2,,
872,28.3331,40.7888,26.0085,0,2.6801,4.7851,0.0490,0.0106,0.0223,Car,2,,
873,18.2504,34.5132,23.1034,0,1.3777,4.6920,0.0587,0.0111,0.0096,Car,2,,
874,22.7240,32.6154,26.3453,0,2.1164,5.7797,0.0210,0.0073,0.0171,Bus,1,,
875,18.2637,36.3031,29.8344,0,1.6960,6.3103,0.0582,0.0138,0.0198,Car,2,,
876,20.5060,45.9595,38.9728,0,1.4928,6.3957,0.0265,0.0071,0.0155,Bus,1,,
877,27.7551,44.7501,27.4119,0,1.3300,4.4378,0.0241,0.0051,0.0153,Car,2,,
878,21.3326,41.2150,31.1189,0,2.2161,4.7908,0.0333,0.0111,0.0167,Bus,1,,
879,23.4959,32.3365,29.9179,0,1.6593,3.3166,0.0242,0.0075,0.0215,Bike,0,,
880,16.8634,39.0186,35.9420,0,2.4839,4.1941,0.0340,0.0110,0.0191,Bike,0,,
881,25.9350,41.5085,42.6347,0,2.4969,5.9649,0.0168,0.0028,0.0088,Bike,0,,
882,24.7786,40.8777,27.3457,0,2.6870,6.6156,0.0276,0.0142,0.0094,Car,2,,
883,21.3552,30.7810,27.5528,0,1.5738,3.7657,0.0429,0.0120,0.0170,Car,2,,
884,24.0549,35.5484,35.2208,0,2.2377,4.4075,0.0294,0.0055,0.0223,Bike,0,,
885,25.9015,39.6796,33.4095,0,2.3162,4.9736,0.0314,0.0056,0.0063,Bike,0,,
886,20.9257,42.6815,39.2335,0,1.7629,5.2802,0.0348,0.0150,0.0175,Bike,0,,
887,17.6187,29.0194,32.9196,0,1.6141,4.1904,0.0417,0.0078,0.0174,Bus,1,,
888,34.0279,39.1894,28.2035,0,2.8048,5.4241,0.0134,0.0075,0.0269,Bike,0,,
889,21.8336,40.7152,32.9533,0,2.1137,4.5262,0.0358,0.0032,0.0181,Bike,0,,
890,24.5162,44.2481,35.5435,0,2.3180,4.9855,0.0273,0.0089,0.0219,Car,2,,
891,30.0542,43.4643,34.1024,0,1.5890,5.5463,0.0317,0.0093,0.0207,Bike,0,,
892,42.6453,42.9129,32.5364,0,1.3904,5.0064,0.0406,0.0121,0.0093,Bus,1,,
893,18.7776,36.0003,35.3334,0,1.7153,4.5636,0.0181,0.0058,0.0238,Bike,0,,
894,27.2491,30.4600,35.8465,0,1.9380,4.8904,0.0199,0.0054,0.0211,Bus,1,,
895,21.4622,38.0347,36.9108,0,1.4679,4.9116,0.0106,0.0114,0.0225,Car,2,,
896,22.3060,45.0082,33.2435,0,1.9951,4.6300,0.0245,0.0130,0.0396,Bike,0,,
897,21.3989,46.9673,29.1644,0,1.1557,4.7412,0.0433,0.0053,0.0096,Bus,1,,
898,19.3717,43.5527,30.7336,0,1.4400,6.5986,0.0288,0.0132,0.0286,Car,2,,
899,24.7935,42.1467,36.0325,0,2.3355,5.5609,0.0166,0.0101,0.0186,Car,2,,
900,17.6275,41.8982,25.9153,0,2.3019,4.7045,0.0251,0.0133,0.0214,Bike,0,,
901,29.7340,37.2194,31.8434,0,1.8041,5.6970,0.0151,0.0098,0.0198,Bike,0,,
902,25.2750,39.3497,28.0333,0,1.4911,4.6662,0.0187,0.0024,0.0179,Car,2,,
903,27.1122,48.3453,30.1437,0,1.4863,6.1731,0.0339,0.0095,0.0172,Bike,0,,
904,22.6691,35.2872,36.3923,0,1.8134,5.3696,0.0183,0.0132,0.0216,Bus,1,,
905,23.1640,48.0739,30.9555,0,2.3223,4.8927,0.0411,0.0073,0.0124,Bike,0,,
906,26.4378,38.3899,30.2322,0,2.4641,5.4477,0.0293,0.0088,0.0238,Car,2,,
907,19.1797,46.6272,23.2007,0,1.7517,3.4291,0.0309,0.0095,0.0179,Bike,0,,
908,23.2100,32.9659,33.7313,0,1.4233,3.8732,0.0272,0.0013,0.0143,Bus,1,,
909,20.7019,42.9295,33.2274,0,2.1339,3.8061,0.0377,0.0150,0.0177,Bike,0,,
910,20.5472,36.3161,40.8163,0,1.5882,5.1429,0.0378,0.0073,0.0263,Car,2,,
911,14.4508,32.9237,28.4611,0,1.7409,6.7325,0.0334,0.0115,0.0173,Bike,0,,
912,31.6966,41.0927,31.0958,0,2.6626,7.2313,0.0356,0.0097,0.0218,Car,2,,
913,21.5673,45.0474,31.2469,0,2.4136,5.6381,0.0279,0.0138,0.0163,Bike,0,,
914,30.8169,35.7753,37.8873,0,2.0790,5.5008,0.0354,0.0112,0.0238,Car,2,,
915,30.3440,32.5049,29.5235,0,1.3640,3.1989,0.0266,0.0093,0.0234,Bike,0,,
916,18.5700,39.5408,31.3951,0,2.1057,4.4573,0.0300,0.0073,0.0292,Car,2,,
917,19.5579,39.5628,33.0395,0,2.5313,4.2122,0.0273,0.0124,0.0191,Bike,0,,
918,37.8025,42.7416,30.9330,0,1.8122,4.3792,0.0254,0.0044,0.0233,Bus,1,,
919,33.7546,44.7480,27.7678,0,2.6756,4.8319,0.0231,0.0119,0.0205,Bus,1,,
920,24.8424,39.7029,30.9704,0,2.6464,4.5279,0.0347,0.0067,0.0265,Bike,0,,
921,26.2869,49.2775,35.3682,0,2.8319,3.0207,0.0431,0.0138,0.0164,Bike,0,,
922,21.8458,41.1212,24.8674,0,2.1526,5.7479,0.0417,0.0105,0.0237,Bike,0,,
923,27.1618,38.2679,30.6648,0,2.2937,3.9273,0.0174,0.0119,0.0190,Car,2,,
924,21.4141,31.9422,26.4994,0,2.7071,5.2392,0.0429,0.0102,0.0197,Bus,1,,
925,14.8382,38.6867,35.9752,0,2.2237,7.0741,0.0268,0.0047,0.0205,Bus,1,,
926,18.3922,38.3181,22.3841,0,1.7494,4.0806,0.0360,0.0074,0.0213,Bus,1,,
927,25.1055,44.8015,27.2054,0,1.7757,2.4697,0.0209,0.0120,0.0194,Car,2,,
928,19.3447,42.3124,31.8861,0,2.1193,4.7140,0.0314,0.0105,0.0211,Car,2,,
929,24.6636,34.1032,37.8276,0,1.3547,6.1010,0.0331,0.0135,0.0279,Bus,1,,
930,19.6267,40.8613,29.6712,0,1.9284,6.9583,0.0152,0.0112,0.0249,Bike,0,,
931,21.0882,43.3577,27.2240,0,2.5483,3.7705,0.0361,0.0071,0.0243,Car,2,,
932,29.2658,47.6402,39.4058,0,0.9044,5.4967,0.0435,0.0076,0.0177,Car,2,,
933,26.2374,44.4375,22.7599,0,2.7672,4.5347,0.0283,0.0103,0.0156,Bus,1,,
934,24.9517,43.8042,19.0060,0,2.5612,4.8941,0.0436,0.0031,0.0248,Car,2,,
935,29.3948,40.3004,32.2001,0,1.7701,7.6443,0.0281,0.0150,0.0244,Car,2,,
936,27.4030,41.9416,27.4897,0,2.2717,3.4970,0.0385,0.0113,0.0274,Bike,0,,
937,32.2328,46.2475,24.8938,0,2.0016,5.2537,0.0078,0.0137,0.0170,Bus,1,,
938,22.7007,33.3361,33.5418,0,2.6150,5.4677,0.0542,0.0053,0.0189,Bike,0,,
939,22.8518,38.2528,31.2190,0,2.4913,6.0858,0.0450,0.0137,0.0118,Car,2,,
940,18.4945,36.1372,27.1796,0,1.3000,5.0980,0.0272,0.0167,0.0180,Bus,1,,
941,22.8551,41.8958,23.5985,0,2.2936,5.3081,0.0103,0.0060,0.0250,Car,2,,
942,29.8238,46.1511,34.3623,0,1.8972,4.6084,0.0329,0.0123,0.0177,Bus,1,,
943,31.4999,37.0151,33.2510,0,2.0414,5.2691,0.0156,0.0100,0.0232,Car,2,,
944,29.8015,28.0485,29.5041,0,1.6359,4.6568,0.0344,0.0054,0.0190,Car,2,,
945,16.0290,37.9389,39.2332,0,2.8741,5.6216,0.0341,0.0115,0.0216,Bus,1,,
946,30.4157,44.5674,24.6496,0,2.5200,4.6304,0.0206,0.0125,0.0143,Bike,0,,
947,15.8074,42.6881,22.3724,0,1.6301,5.3771,0.0412,0.0082,0.0204,Bike,0,,
948,29.4906,42.1409,26.5405,0,1.3327,4.9707,0.0381,0.0135,0.0050,Bus,1,,
949,23.1611,38.6000,29.7721,0,1.8072,6.1261,0.0398,0.0050,0.0191,Car,2,,
950,28.5127,33.6048,31.2167,0,2.2173,4.9486,0.0301,0.0055,0.0118,Car,2,,
951,18.3378,42.5765,28.7938,0,2.1201,3.2270,0.0158,0.0104,0.0260,Bike,0,,
952,30.8558,35.8286,31.7603,0,2.6266,6.2619,0.0398,0.0101,0.0239,Car,2,,
953,17.6751,50.9205,23.7423,0,2.3950,4.0943,0.0273,0.0079,0.0223,Bike,0,,
954,21.6577,42.8525,37.2188,0,2.4848,4.3462,0.0161,0.0124,0.0276,Bike,0,,
955,20.0095,37.0968,29.5892,0,2.1634,4.4043,0.0435,0.0116,0.0153,Bike,0,,
956,16.2286,36.9431,35.5865,0,1.3054,6.3744,0.0510,0.0126,0.0287,Car,2,,
957,25.4726,39.5353,31.7136,0,1.9022,2.8643,0.0296,0.0096,0.0247,Bus,1,,
958,34.0304,38.8025,32.2838,0,2.5300,8.1377,0.0516,0.0118,0.0188,Bike,0,,
959,38.3345,45.5842,32.8488,0,1.9742,6.0561,0.0309,0.0087,0.0257,Bus,1,,
960,25.4858,40.9321,32.2385,0,2.2515,5.2232,0.0262,0.0162,0.0145,Bus,1,,
961,30.5834,36.3418,33.2136,0,1.8406,4.9451,0.0237,0.0076,0.0159,Car,2,,
962,26.1605,49.4522,36.6458,0,1.4851,5.2856,0.0464,0.0163,0.0170,Bike,0,,
963,27.4944,40.2465,30.9826,0,1.9383,5.5211,0.0222,0.0101,0.0174,Car,2,,
964,23.2893,43.8442,33.5450,0,2.1545,5.6452,0.0374,0.0059,0.0147,Bus,1,,
965,25.9754,36.9589,29.5513,0,1.6722,5.5556,0.0244,0.0141,0.0261,Bike,0,,
966,27.6874,41.8156,37.2006,0,1.8821,5.0896,0.0254,0.0104,0.0187,Bike,0,,
967,22.1077,41.5555,26.6180,0,1.5303,4.8027,0.0403,0.0126,0.0218,Bike,0,,
968,24.6125,30.5518,39.0047,0,2.5596,4.8487,0.0262,0.0137,0.0171,Bike,0,,
969,24.7078,50.0764,29.7992,0,1.8528,4.8051,0.0260,0.0110,0.0109,Bike,0,,
970,29.1320,46.4532,22.8461,0,2.7264,6.1338,0.0413,0.0082,0.0214,Car,2,,
971,19.6698,38.0140,30.6405,0,2.7644,5.5936,0.0460,0.0129,0.0104,Bus,1,,
972,24.7423,34.4887,26.5947,0,1.9595,2.0596,0.0364,0.0100,0.0197,Bus,1,,
973,34.5600,41.7378,34.2032,0,1.4958,5.6559,0.0235,0.0121,0.0132,Bus,1,,
974,30.8203,40.4335,26.7369,0,0.9571,5.1947,0.0249,0.0035,0.0299,Car,2,,
975,31.7459,41.7783,27.7691,0,1.2640,4.9813,0.0308,0.0113,0.0246,Car,2,,
976,25.1222,40.9579,20.5523,0,1.3131,4.6115,0.0332,0.0081,0.0205,Car,2,,
977,26.6050,42.5312,27.7385,0,2.6892,6.1241,0.0201,0.0150,0.0263,Bike,0,,
978,30.0112,47.2365,17.8806,0,2.0579,5.9475,0.0372,0.0119,0.0158,Bus,1,,
979,32.8013,42.8405,22.0805,0,2.1948,4.2271,0.0309,0.0107,0.0227,Bus,1,,
980,15.2420,34.7517,33.8021,0,0.8898,5.4071,0.0128,0.0115,0.0210,Bike,0,,
981,18.4228,46.8128,33.9290,0,1.4010,4.0283,0.0207,0.0070,0.0213,Bus,1,,
982,31.5472,48.2031,32.1273,0,2.4435,3.6204,0.0250,0.0149,0.0264,Bike,0,,
983,23.6156,55.7603,25.1651,0,2.1434,4.3733,0.0293,0.0160,0.0237,Car,2,,
984,21.6414,34.3825,29.7614,0,1.9264,5.8624,0.0489,0.0112,0.0214,Bus,1,,
985,18.7292,41.2144,29.9820,0,2.2824,5.9531,0.0324,0.0148,0.0117,Bus,1,,
986,22.2249,29.5895,24.2082,0,2.8179,5.5131,0.0216,0.0083,0.0152,Bike,0,,
987,17.9882,42.7657,37.5170,0,1.8895,5.7251,0.0322,0.0076,0.0194,Bike,0,,
988,35.4555,37.2590,34.3868,0,2.0347,5.5162,0.0265,0.0101,0.0205,Bus,1,,
989,24.8878,49.6172,28.8952,0,2.0963,4.3585,0.0332,0.0113,0.0143,Bike,0,,
990,24.7102,36.1269,30.1344,0,3.1961,5.4319,0.0358,0.0088,0.0321,Bike,0,,
991,27.9404,31.5541,31.0419,0,0.9503,5.8004,0.0421,0.0116,0.0276,Bike,0,,
992,29.8117,37.6437,19.7913,0,2.3416,5.7543,0.0298,0.0109,0.0230,Car,2,,
993,29.7294,30.1226,28.7641,0,1.9426,6.1889,0.0464,0.0070,0.0204,Bus,1,,
994,30.3681,43.7555,26.5901,0,2.2834,5.7083,0.0391,0.0116,0.0189,Bike,0,,
995,21.8458,29.6746,24.9919,0,1.6713,5.3514,0.0229,0.0126,0.0152,Car,2,,
996,23.5107,40.1423,28.5945,0,1.9755,6.0702,0.0521,0.0105,0.0204,Car,2,,
997,28.8452,29.6109,38.9884,0,2.3557,4.9735,0.0333,0.0135,0.0213,Bus,1,,
998,22.3631,38.3985,33.2042,0,3.5565,4.1181,0.0216,0.0063,0.0138,Car,2,,
999,24.9745,48.2169,27.1441,0,2.4040,4.8369,0.0465,0.0114,0.0217,Car,2,,
1000,26.9938,41.8032,32.8629,0,1.5760,4.2551,0.0508,0.0065,0.0192,Car,2,,
